district,block,date,temperature_2m_max,temperature_2m_min,temperature_2m_mean,precipitation_sum,rain_sum,snowfall_sum,precipitation_hours,wind_speed_10m_max,wind_gusts_10m_max,wind_direction_10m_dominant,shortwave_radiation_sum,et0_fao_evapotranspiration,daylight_duration,sunshine_duration,relative_humidity_2m_max,relative_humidity_2m_min,dewpoint_2m_max,dewpoint_2m_min,vapor_pressure_deficit_max,soil_temperature_0_to_7cm_mean,soil_temperature_0_to_7cm_max,soil_temperature_0_to_7cm_min,soil_moisture_0_to_7cm_mean,soil_moisture_0_to_7cm_max,soil_moisture_0_to_7cm_min
Ramanathapuram,Kadaladi,2025-02-24,34.0,22.8,27.7,0.0,0.0,0.0,0.0,27.3,50.0,51,24.52,6.36,42873.14,40402.79,99,31,23.4,14.1,3.64,30.2083,37.9,24.6,0.0495,0.056,0.043
Ramanathapuram,Kadaladi,2025-02-25,32.8,23.1,27.5,0.9,0.9,0.0,5.0,26.9,50.0,39,22.06,5.45,42902.77,40178.85,95,47,23.0,20.2,2.62,29.8125,36.0,24.8,0.0625,0.071,0.056
Ramanathapuram,Kadaladi,2025-02-26,33.1,24.2,27.9,1.3,1.3,0.0,8.0,29.0,55.1,44,21.56,5.43,42932.54,39762.11,90,53,23.0,21.7,2.39,29.8208,35.6,25.6,0.0766,0.09,0.069
Ramanathapuram,Kadaladi,2025-02-27,33.8,24.0,27.9,1.2,1.2,0.0,7.0,25.6,47.5,45,21.38,5.32,42962.43,40019.3,92,49,23.8,21.3,2.7,29.7458,36.0,25.0,0.0905,0.094,0.085
Ramanathapuram,Kadaladi,2025-02-28,31.0,22.9,26.8,10.1,10.1,0.0,17.0,28.1,50.8,44,17.6,4.14,42992.42,33511.37,95,61,23.8,22.0,1.76,28.3292,33.5,24.2,0.1324,0.193,0.091
Ramanathapuram,Kadaladi,2025-03-01,29.4,24.4,26.5,16.9,16.9,0.0,14.0,22.2,41.8,52,14.81,3.36,43022.49,31330.94,95,69,23.9,22.9,1.26,27.6458,30.6,25.5,0.2403,0.357,0.188
Ramanathapuram,Kadaladi,2025-03-02,31.5,23.5,27.1,3.3,3.3,0.0,9.0,14.7,30.2,51,19.02,4.09,43052.61,38885.52,95,60,24.0,22.5,1.86,28.3042,32.2,24.8,0.2388,0.26,0.204
Ramanathapuram,Kadaladi,2025-03-03,32.9,24.0,27.6,1.0,1.0,0.0,4.0,14.2,28.8,46,21.41,4.79,43082.75,37216.72,98,52,24.2,21.5,2.41,29.1583,34.5,25.4,0.1957,0.215,0.18
Ramanathapuram,Kadaladi,2025-03-04,33.8,23.9,27.8,0.0,0.0,0.0,0.0,13.9,26.3,55,21.38,4.94,43112.9,32956.18,100,45,25.2,20.2,2.89,29.4167,35.0,25.5,0.1754,0.186,0.164
Ramanathapuram,Kadaladi,2025-03-05,32.8,23.0,27.3,0.0,0.0,0.0,0.0,12.0,28.1,109,24.07,5.16,43143.03,38174.4,100,52,24.9,21.7,2.38,29.8958,36.0,25.4,0.1548,0.164,0.143
Ramanathapuram,Kadaladi,2025-03-06,33.5,20.8,26.9,0.0,0.0,0.0,0.0,14.9,31.7,137,23.26,5.01,43173.12,38356.76,100,49,24.9,20.8,2.63,29.4167,36.0,23.6,0.1398,0.15,0.127
Ramanathapuram,Kadaladi,2025-03-07,32.5,23.0,27.4,0.1,0.1,0.0,1.0,14.5,28.4,133,23.06,5.0,43203.14,39267.96,100,52,24.5,21.5,2.32,30.0083,36.1,25.1,0.1227,0.129,0.115
Ramanathapuram,Kadaladi,2025-03-08,33.6,22.4,27.6,0.0,0.0,0.0,0.0,20.8,40.7,124,24.07,5.34,43233.08,40786.85,100,44,24.2,19.9,2.89,30.1,36.3,25.0,0.1107,0.118,0.1
Ramanathapuram,Kadaladi,2025-03-09,32.8,23.6,27.4,0.0,0.0,0.0,0.0,19.2,36.7,58,25.44,6.05,43263.16,40818.03,99,33,24.1,13.9,3.22,29.9542,36.3,25.8,0.1052,0.111,0.095
Ramanathapuram,Kadaladi,2025-03-10,34.0,22.2,28.1,0.0,0.0,0.0,0.0,24.4,42.8,44,23.01,6.11,43293.43,38651.79,94,44,22.7,19.9,2.97,29.6625,35.8,24.6,0.1012,0.105,0.091
Ramanathapuram,Kadaladi,2025-03-11,28.0,23.9,25.7,28.8,28.8,0.0,18.0,23.3,45.7,42,9.4,2.17,43323.89,1352.48,96,76,24.0,22.9,0.92,26.9542,28.7,25.3,0.1906,0.322,0.105
Ramanathapuram,Kadaladi,2025-03-12,30.8,23.0,26.2,12.4,12.4,0.0,13.0,15.4,31.7,63,17.95,3.83,43354.5,27602.91,98,60,23.4,21.5,1.75,27.4458,31.9,24.4,0.2757,0.345,0.242
Ramanathapuram,Kadaladi,2025-03-13,32.5,22.8,27.3,0.0,0.0,0.0,0.0,12.2,25.9,56,23.0,5.04,43385.25,40943.71,98,53,24.1,21.8,2.3,29.1625,34.2,25.0,0.2256,0.242,0.21
Ramanathapuram,Kadaladi,2025-03-14,32.5,24.1,27.5,0.1,0.1,0.0,1.0,15.1,30.2,91,23.67,5.06,43416.11,40975.25,96,53,25.0,21.6,2.29,29.6208,35.0,25.3,0.1973,0.21,0.183
Ramanathapuram,Kadaladi,2025-03-15,32.5,24.5,28.3,0.0,0.0,0.0,0.0,15.6,31.0,98,23.73,5.32,43447.07,41006.79,94,51,24.6,21.1,2.37,30.05,35.2,26.1,0.1708,0.184,0.159
Ramanathapuram,Kadaladi,2025-03-16,31.9,23.9,27.9,4.8,4.8,0.0,5.0,15.6,31.0,125,20.67,4.43,43478.09,39854.02,97,62,24.5,23.0,1.79,29.9917,34.8,26.2,0.1663,0.202,0.157
Ramanathapuram,Kadaladi,2025-03-17,32.8,24.4,28.3,4.1,4.1,0.0,10.0,12.0,27.4,119,22.11,4.77,43509.18,41069.8,95,61,24.6,23.1,1.93,30.6083,36.2,26.2,0.1657,0.183,0.146
Ramanathapuram,Kadaladi,2025-03-18,31.9,25.5,28.3,1.4,1.4,0.0,7.0,13.8,29.2,135,23.04,4.94,43540.3,41101.23,94,61,25.2,22.4,1.73,30.4208,35.3,26.9,0.1747,0.182,0.163
Ramanathapuram,Kadaladi,2025-03-19,32.4,23.5,28.0,0.9,0.9,0.0,4.0,15.4,32.4,114,23.34,5.02,43571.42,39346.27,99,60,25.1,23.4,1.93,30.3542,36.0,25.5,0.1545,0.17,0.139
Ramanathapuram,Kadaladi,2025-03-20,33.5,24.9,29.1,0.1,0.1,0.0,1.0,14.7,31.7,77,24.63,5.76,43602.54,41163.8,96,49,25.0,21.2,2.62,31.0083,36.8,26.4,0.126,0.14,0.115
Ramanathapuram,Kadaladi,2025-03-21,33.3,26.1,29.6,0.4,0.4,0.0,3.0,12.4,27.7,75,21.93,5.12,43633.63,41194.91,88,54,25.1,22.0,2.29,31.6375,37.0,27.5,0.1048,0.116,0.088
Ramanathapuram,Kadaladi,2025-03-22,32.6,24.8,28.3,4.5,4.5,0.0,9.0,13.5,29.2,102,20.66,4.51,43664.67,40417.27,98,60,25.0,23.0,1.98,30.675,36.0,27.0,0.103,0.129,0.088
Ramanathapuram,Kadaladi,2025-03-23,32.8,23.4,28.4,2.9,2.9,0.0,8.0,11.8,27.7,108,23.46,5.37,43695.63,40893.45,97,51,24.4,21.0,2.46,30.8458,36.9,25.4,0.1121,0.127,0.1
Ramanathapuram,Kadaladi,2025-03-24,34.8,25.1,29.6,0.3,0.3,0.0,3.0,19.0,34.2,63,23.32,5.82,43726.5,41287.29,94,42,24.6,19.6,3.23,32.0708,38.6,26.8,0.0914,0.101,0.084
Ramanathapuram,Kadaladi,2025-03-25,35.5,24.8,29.3,0.0,0.0,0.0,0.0,17.1,33.1,77,23.95,5.91,43757.26,41317.7,98,37,24.8,17.4,3.55,32.2292,39.8,26.9,0.0778,0.085,0.07
Ramanathapuram,Kadaladi,2025-03-26,33.0,24.0,28.3,0.1,0.1,0.0,1.0,17.1,33.5,136,23.28,5.21,43787.88,41347.89,92,54,24.6,22.2,2.29,31.7083,39.3,26.0,0.0718,0.075,0.067
Ramanathapuram,Kadaladi,2025-03-27,35.0,23.9,29.1,0.0,0.0,0.0,0.0,18.8,39.2,143,23.06,5.53,43818.34,41377.84,95,39,24.4,18.9,3.37,32.05,39.8,25.5,0.069,0.072,0.064
Ramanathapuram,Kadaladi,2025-03-28,35.5,25.9,29.7,0.0,0.0,0.0,0.0,20.1,39.2,128,23.87,5.71,43848.63,39245.39,94,37,25.8,18.6,3.64,32.3792,40.2,26.5,0.0677,0.073,0.062
Ramanathapuram,Kadaladi,2025-03-29,36.9,23.6,29.3,0.0,0.0,0.0,0.0,22.3,42.8,95,26.47,6.48,43878.95,41436.74,100,27,25.5,14.9,4.54,32.1875,41.0,25.9,0.0705,0.073,0.065
Ramanathapuram,Kadaladi,2025-03-30,35.5,22.8,28.4,0.0,0.0,0.0,0.0,19.7,38.5,97,26.27,6.1,43909.36,41466.04,90,36,22.8,18.2,3.68,31.925,41.0,25.2,0.0679,0.071,0.063
Ramanathapuram,Kadaladi,2025-03-31,33.9,22.9,28.2,0.8,0.8,0.0,3.0,16.1,33.8,103,23.45,5.49,43939.83,39467.34,89,48,23.5,20.1,2.73,31.6,40.5,25.0,0.0661,0.079,0.056
Ramanathapuram,Kadaladi,2025-04-01,33.2,23.6,28.6,0.5,0.5,0.0,2.0,16.5,31.7,129,23.38,5.4,43970.36,41524.55,96,48,23.3,20.6,2.64,31.8042,39.5,25.5,0.0773,0.087,0.067
Ramanathapuram,Kadaladi,2025-04-02,33.5,25.3,28.9,2.9,2.9,0.0,7.0,14.3,31.3,133,22.6,5.14,44000.92,40375.32,90,53,24.5,22.0,2.35,32.2375,38.8,26.9,0.078,0.087,0.059
Ramanathapuram,Kadaladi,2025-04-03,31.5,23.5,27.2,15.9,15.9,0.0,20.0,12.3,30.2,108,19.59,4.14,44031.49,39807.57,97,61,24.4,23.0,1.81,29.8375,35.1,25.6,0.1736,0.261,0.093
Ramanathapuram,Kadaladi,2025-04-04,31.6,23.4,27.2,14.0,14.0,0.0,11.0,11.7,27.4,95,17.06,3.65,44062.05,35157.59,99,63,24.3,22.9,1.7,29.1083,34.0,25.5,0.2436,0.305,0.206
Ramanathapuram,Kadaladi,2025-04-05,32.5,24.0,28.3,0.1,0.1,0.0,1.0,14.8,30.6,189,23.98,5.27,44092.58,41434.44,99,58,24.4,22.0,2.04,30.7042,36.7,26.0,0.1987,0.232,0.171
Ramanathapuram,Kadaladi,2025-04-06,33.0,25.5,29.0,20.7,20.7,0.0,7.0,13.6,24.5,164,18.09,4.18,44123.06,35990.79,96,59,25.4,23.5,2.08,31.2333,35.5,27.3,0.195,0.344,0.145
Ramanathapuram,Kadaladi,2025-04-07,32.8,25.4,28.8,2.9,2.9,0.0,7.0,11.1,24.5,102,21.5,4.74,44153.46,40347.24,99,61,25.5,24.0,1.93,31.2167,36.8,27.5,0.2195,0.272,0.187
Ramanathapuram,Kadaladi,2025-04-08,34.8,25.0,29.3,0.3,0.3,0.0,3.0,18.1,36.7,114,23.77,5.38,44183.78,41650.84,98,43,25.1,20.5,3.16,31.9125,38.2,27.2,0.1661,0.187,0.15
Ramanathapuram,Kadaladi,2025-04-09,33.8,24.9,29.1,1.6,1.6,0.0,8.0,16.2,33.5,169,22.62,5.15,44213.98,40814.55,97,48,25.1,21.4,2.73,31.9167,37.9,27.0,0.1376,0.152,0.117
Ramanathapuram,Kadaladi,2025-04-10,36.0,26.0,30.7,1.2,1.2,0.0,2.0,21.5,40.0,210,22.31,6.06,44244.05,36256.68,81,39,24.9,19.7,3.63,32.6708,39.3,28.0,0.1083,0.117,0.094
Ramanathapuram,Kadaladi,2025-04-11,35.3,26.1,30.3,0.0,0.0,0.0,0.0,22.1,42.8,194,23.57,6.09,44273.96,40696.48,82,43,26.5,20.8,3.28,33.0083,39.3,27.9,0.0994,0.114,0.089
Ramanathapuram,Kadaladi,2025-04-12,34.5,26.2,30.0,0.6,0.6,0.0,2.0,22.9,42.5,210,23.62,5.83,44303.69,40337.96,86,50,26.0,22.0,2.74,32.8792,39.2,28.2,0.0863,0.09,0.082
Ramanathapuram,Kadaladi,2025-04-13,36.3,26.5,30.6,2.2,2.2,0.0,2.0,14.0,33.1,179,23.79,5.6,44333.21,41177.71,91,45,26.7,22.1,3.34,33.7375,41.0,28.1,0.082,0.096,0.072
Ramanathapuram,Kadaladi,2025-04-14,35.8,25.1,30.3,0.0,0.0,0.0,0.0,16.2,34.2,117,22.63,5.57,44362.52,41538.35,100,42,26.8,21.0,3.38,33.8,41.5,27.8,0.0684,0.076,0.063
Ramanathapuram,Kadaladi,2025-04-15,35.2,23.7,29.5,0.2,0.2,0.0,2.0,22.0,36.7,107,23.61,5.56,44391.58,41539.63,96,46,25.4,21.6,3.08,33.2958,41.0,26.7,0.0659,0.068,0.064
Ramanathapuram,Kadaladi,2025-04-16,35.2,25.8,30.1,1.7,1.7,0.0,2.0,16.3,35.6,136,22.84,5.5,44420.36,41421.12,91,46,25.5,21.5,3.08,33.6792,41.2,27.5,0.0645,0.074,0.052
Ramanathapuram,Kadaladi,2025-04-17,34.7,26.2,30.3,1.9,1.9,0.0,2.0,16.1,36.0,130,23.29,5.66,44448.86,41182.65,93,51,26.0,22.5,2.7,33.8333,40.7,28.0,0.0685,0.079,0.06
Ramanathapuram,Kadaladi,2025-04-18,36.2,26.4,31.0,0.0,0.0,0.0,0.0,22.7,44.6,182,24.52,6.19,44477.26,41304.14,91,42,26.2,21.0,3.5,34.7167,43.7,28.0,0.0608,0.072,0.053
Ramanathapuram,Kadaladi,2025-04-19,36.8,26.2,31.0,0.4,0.4,0.0,2.0,21.4,41.4,192,22.96,5.69,44505.63,40945.32,87,40,27.5,20.9,3.72,34.3833,42.1,28.1,0.0703,0.072,0.067
Ramanathapuram,Kadaladi,2025-04-20,37.0,26.5,31.2,0.1,0.1,0.0,1.0,18.3,38.2,178,23.1,5.76,44533.94,41307.38,88,39,27.1,20.8,3.8,34.8833,42.7,28.6,0.0665,0.071,0.062
Ramanathapuram,Kadaladi,2025-04-21,36.5,25.8,31.0,0.8,0.8,0.0,3.0,16.5,33.1,146,23.88,5.84,44562.17,41309.1,87,36,26.5,19.0,3.93,34.6875,41.8,28.1,0.0661,0.068,0.064
Ramanathapuram,Kadaladi,2025-04-22,34.3,25.8,30.2,1.0,1.0,0.0,4.0,14.3,30.6,133,21.46,5.15,44590.3,40588.48,97,45,25.6,20.6,2.91,33.6833,41.2,28.1,0.0733,0.099,0.062
Ramanathapuram,Kadaladi,2025-04-23,35.6,25.1,30.6,0.0,0.0,0.0,0.0,22.1,42.1,176,24.45,5.95,44618.32,41071.77,91,43,25.8,20.6,3.33,33.6458,40.5,28.0,0.0925,0.099,0.084
Ramanathapuram,Kadaladi,2025-04-24,36.5,26.1,30.8,0.2,0.2,0.0,1.0,16.7,35.3,178,23.37,5.62,44646.18,40952.87,87,44,27.3,22.0,3.43,34.0042,40.8,28.4,0.084,0.091,0.077
Ramanathapuram,Kadaladi,2025-04-25,34.5,26.9,30.5,0.2,0.2,0.0,1.0,20.9,39.2,179,22.44,5.27,44673.89,40471.49,89,58,27.0,23.6,2.3,33.9583,40.2,28.8,0.0716,0.077,0.066
Ramanathapuram,Kadaladi,2025-04-26,33.3,25.5,29.6,0.1,0.1,0.0,1.0,18.7,38.2,165,23.17,5.44,44701.4,40835.33,99,58,25.4,23.8,2.11,33.5458,40.2,28.1,0.066,0.074,0.058
Ramanathapuram,Kadaladi,2025-04-27,34.0,27.1,30.1,1.9,1.9,0.0,3.0,18.0,36.4,173,22.71,5.53,44728.7,39747.57,88,55,25.5,23.1,2.38,33.6125,40.7,29.0,0.0738,0.118,0.053
Ramanathapuram,Kadaladi,2025-04-28,32.6,26.9,29.5,5.0,5.0,0.0,9.0,17.5,37.1,174,20.82,5.0,44755.76,38154.59,88,59,25.0,23.1,1.98,32.2125,36.5,28.4,0.1155,0.148,0.093
Ramanathapuram,Kadaladi,2025-04-29,32.7,25.6,29.4,4.7,4.7,0.0,8.0,16.7,33.5,182,21.32,5.11,44782.57,39208.37,89,58,24.7,23.0,2.05,32.1458,37.5,27.9,0.1173,0.145,0.093
Ramanathapuram,Kadaladi,2025-04-30,33.0,27.7,29.9,1.1,1.1,0.0,2.0,24.5,43.6,190,20.98,5.4,44809.09,39869.61,81,59,25.2,22.9,2.06,32.6667,37.5,28.9,0.119,0.133,0.105
Ramanathapuram,Kadaladi,2025-05-01,34.8,27.0,30.5,0.0,0.0,0.0,0.0,23.6,43.2,195,22.36,5.86,44835.31,39412.4,87,54,25.7,23.8,2.56,33.5167,40.1,28.6,0.0933,0.105,0.084
Ramanathapuram,Kadaladi,2025-05-02,34.4,27.4,30.5,4.4,4.4,0.0,4.0,24.3,45.4,188,22.63,5.71,44861.19,41089.35,90,53,25.6,23.3,2.55,33.2958,38.7,28.6,0.101,0.126,0.079
Ramanathapuram,Kadaladi,2025-05-03,35.9,25.5,30.4,0.0,0.0,0.0,0.0,23.8,43.9,189,24.07,6.06,44886.7,41335.88,86,44,26.1,21.6,3.28,33.6792,41.3,27.5,0.1008,0.113,0.09
Ramanathapuram,Kadaladi,2025-05-04,38.6,25.5,31.1,9.7,9.7,0.0,4.0,18.8,37.8,160,23.09,5.87,44911.84,40971.44,91,32,25.8,19.0,4.65,34.7042,42.9,27.5,0.0918,0.213,0.073
Ramanathapuram,Kadaladi,2025-05-05,35.2,25.0,30.2,0.5,0.5,0.0,2.0,17.3,34.2,162,23.4,5.64,44936.56,40483.05,98,48,27.2,22.4,2.91,33.8917,42.0,27.5,0.1141,0.215,0.074
Ramanathapuram,Kadaladi,2025-05-06,36.2,26.4,31.1,0.8,0.8,0.0,2.0,21.1,41.0,187,23.07,5.71,44960.85,41098.46,93,45,27.2,22.3,3.29,34.6708,42.2,28.3,0.0785,0.084,0.073
Ramanathapuram,Kadaladi,2025-05-07,37.2,26.8,31.1,2.3,2.3,0.0,3.0,19.1,38.5,189,22.47,5.56,44984.68,39600.0,88,39,26.4,20.6,3.85,34.7,42.5,29.0,0.075,0.089,0.067
Ramanathapuram,Kadaladi,2025-05-08,37.4,26.3,31.0,0.2,0.2,0.0,2.0,18.0,39.6,185,23.26,5.86,45008.21,39600.0,86,38,26.6,20.5,3.99,34.775,43.1,28.6,0.0809,0.096,0.071
Ramanathapuram,Kadaladi,2025-05-09,37.9,26.9,31.4,1.7,1.7,0.0,2.0,18.0,34.9,133,22.85,5.75,45031.53,40982.06,98,36,26.8,20.5,4.18,34.9375,43.1,29.1,0.0982,0.108,0.086
Ramanathapuram,Kadaladi,2025-05-10,37.7,26.6,31.4,1.5,1.5,0.0,3.0,14.4,29.9,146,21.68,5.25,45054.59,40364.24,93,38,26.5,20.8,4.05,34.8958,43.8,29.0,0.1025,0.109,0.089
Ramanathapuram,Kadaladi,2025-05-11,37.1,25.8,31.1,0.5,0.5,0.0,3.0,20.0,37.8,193,23.18,5.99,45077.39,41235.2,99,35,26.9,19.2,4.08,34.6375,42.4,28.5,0.1008,0.109,0.09
Ramanathapuram,Kadaladi,2025-05-12,37.6,26.0,31.5,0.5,0.5,0.0,2.0,20.5,40.3,213,23.83,6.59,45099.88,41238.1,79,35,24.5,19.2,4.2,34.85,42.7,28.4,0.0897,0.097,0.083
Ramanathapuram,Kadaladi,2025-05-13,38.5,26.4,31.8,0.4,0.4,0.0,2.0,18.9,39.2,204,23.41,6.38,45122.06,41116.07,79,34,26.8,19.6,4.43,35.5625,43.7,28.9,0.0727,0.083,0.067
Ramanathapuram,Kadaladi,2025-05-14,39.4,27.0,32.4,1.5,1.5,0.0,3.0,19.8,41.4,211,23.01,6.09,45143.91,40742.66,78,32,24.0,19.5,4.88,36.425,45.9,29.1,0.0669,0.074,0.058
Ramanathapuram,Kadaladi,2025-05-15,36.5,27.7,31.8,0.1,0.1,0.0,1.0,18.5,37.8,216,19.59,5.21,45165.39,37588.23,72,40,24.4,20.5,3.69,35.4917,43.0,29.9,0.0798,0.103,0.068
Ramanathapuram,Kadaladi,2025-05-16,37.9,28.1,32.2,1.4,1.4,0.0,3.0,16.4,34.6,228,22.01,5.95,45186.5,40493.63,73,38,24.1,20.9,4.06,35.5208,42.7,30.1,0.0993,0.109,0.086
Ramanathapuram,Kadaladi,2025-05-17,33.4,27.6,30.5,0.3,0.3,0.0,3.0,11.1,23.0,192,12.43,3.44,45207.2,12683.0,79,52,24.8,21.6,2.48,33.3958,38.1,30.2,0.1105,0.13,0.096
Ramanathapuram,Kadaladi,2025-05-18,33.8,26.1,29.3,3.5,3.5,0.0,10.0,13.0,28.1,227,16.14,3.91,45227.47,29749.06,94,56,25.7,22.7,2.31,31.7708,38.2,27.7,0.1394,0.164,0.124
Ramanathapuram,Kadaladi,2025-05-19,35.3,25.6,28.9,8.9,8.9,0.0,6.0,22.1,41.8,231,17.69,4.23,45247.3,22354.77,99,47,25.6,22.1,3.04,31.4125,39.5,27.3,0.1759,0.253,0.128
Ramanathapuram,Kadaladi,2025-05-20,35.8,27.1,31.0,0.0,0.0,0.0,0.0,23.3,44.6,242,20.58,6.71,45266.64,36003.21,74,41,22.4,18.9,3.46,31.9917,36.8,28.5,0.1987,0.228,0.173
Ramanathapuram,Kadaladi,2025-05-21,35.8,27.1,31.0,0.5,0.5,0.0,3.0,24.6,42.1,230,22.71,7.03,45285.5,40241.05,73,42,24.1,19.8,3.44,32.8208,38.0,28.5,0.1513,0.173,0.127
Ramanathapuram,Kadaladi,2025-05-22,38.2,26.9,31.4,0.2,0.2,0.0,2.0,24.3,45.0,217,22.42,6.34,45303.83,39155.13,87,35,27.6,20.1,4.34,33.5875,40.0,28.7,0.1165,0.129,0.104
Ramanathapuram,Kadaladi,2025-05-23,35.5,27.5,31.5,1.3,1.3,0.0,5.0,30.4,53.6,225,22.44,6.94,45321.61,41142.05,78,46,24.2,21.9,3.14,33.95,39.7,29.2,0.094,0.104,0.085
Ramanathapuram,Kadaladi,2025-05-24,34.2,26.9,30.2,0.0,0.0,0.0,0.0,30.8,54.0,235,14.31,5.64,45338.82,23496.24,77,47,23.3,21.2,2.87,32.45,36.5,29.1,0.0807,0.086,0.074
Ramanathapuram,Kadaladi,2025-05-25,34.8,26.0,29.7,1.5,1.5,0.0,8.0,36.6,64.1,238,14.45,5.72,45355.44,21600.0,91,44,24.6,19.9,3.04,31.6917,37.0,27.5,0.0689,0.078,0.057
Ramanathapuram,Kadaladi,2025-05-26,35.1,26.5,29.8,0.1,0.1,0.0,1.0,39.7,70.6,241,16.86,6.38,45371.44,31991.52,85,44,23.8,20.8,3.14,31.8542,38.2,27.0,0.0519,0.066,0.045
Ramanathapuram,Kadaladi,2025-05-27,35.4,27.1,30.4,0.2,0.2,0.0,2.0,35.2,63.7,240,16.77,6.73,45386.81,30522.89,75,43,23.0,20.8,3.28,32.7917,38.2,28.5,0.0433,0.046,0.036
Ramanathapuram,Kadaladi,2025-05-28,36.9,27.5,31.3,0.2,0.2,0.0,1.0,39.6,73.1,249,21.76,8.09,45401.65,40107.09,74,40,22.8,20.9,3.76,34.1,41.2,28.6,0.0325,0.036,0.03
Ramanathapuram,Kadaladi,2025-05-29,36.2,26.9,30.8,0.5,0.5,0.0,2.0,42.0,80.3,240,19.3,7.47,45416.02,33850.21,78,41,22.9,20.9,3.53,33.4917,40.0,28.5,0.0359,0.042,0.033
Ramanathapuram,Kadaladi,2025-05-30,34.5,26.9,29.4,5.5,5.5,0.0,9.0,34.6,76.0,241,14.64,5.22,45429.88,20895.67,83,47,25.0,20.6,2.89,31.2625,37.1,28.5,0.0662,0.121,0.034
Ramanathapuram,Kadaladi,2025-05-31,34.3,25.8,29.9,0.4,0.4,0.0,3.0,16.3,34.2,247,14.14,4.26,45443.25,27836.77,81,49,23.1,20.4,2.76,31.5,37.0,27.0,0.1093,0.12,0.101
Ramanathapuram,Kadaladi,2025-06-01,36.8,25.6,30.6,0.0,0.0,0.0,0.0,19.8,38.9,208,22.3,5.69,45456.09,37989.94,84,40,25.4,21.2,3.71,33.8542,41.8,27.5,0.0897,0.101,0.077
Ramanathapuram,Kadaladi,2025-06-02,37.8,26.0,31.4,0.1,0.1,0.0,1.0,18.9,40.3,220,22.58,6.62,45468.4,40365.91,80,35,23.8,19.1,4.25,34.8,43.1,28.0,0.0719,0.077,0.066
Ramanathapuram,Kadaladi,2025-06-03,39.5,26.2,31.7,0.9,0.9,0.0,4.0,24.7,46.8,239,22.27,6.92,45480.16,41432.58,76,31,23.4,19.2,4.97,35.0333,44.0,28.3,0.0607,0.067,0.052
Ramanathapuram,Kadaladi,2025-06-04,36.8,27.0,31.7,7.4,7.4,0.0,3.0,19.2,41.4,227,22.1,6.5,45491.37,40631.91,73,39,23.2,20.5,3.75,34.9417,42.5,28.9,0.0776,0.14,0.047
Ramanathapuram,Kadaladi,2025-06-05,37.5,26.1,31.0,0.5,0.5,0.0,2.0,17.5,40.0,189,23.35,6.02,45502.0,41572.1,83,34,26.0,19.2,4.24,35.0917,42.5,28.7,0.0789,0.089,0.071
Ramanathapuram,Kadaladi,2025-06-06,38.0,25.8,31.3,1.0,1.0,0.0,4.0,23.0,43.6,176,22.6,6.02,45512.04,38812.64,83,33,26.0,18.7,4.45,35.3167,43.9,28.2,0.0681,0.071,0.063
Ramanathapuram,Kadaladi,2025-06-07,37.5,26.9,31.4,1.2,1.2,0.0,4.0,21.6,43.2,200,22.51,6.19,45521.49,41848.18,78,33,25.8,18.8,4.3,35.325,42.8,28.9,0.0651,0.07,0.06
Ramanathapuram,Kadaladi,2025-06-08,38.9,26.3,31.6,0.4,0.4,0.0,2.0,22.1,43.6,210,23.5,6.66,45530.32,40902.19,76,29,25.8,17.4,4.95,35.8958,45.9,28.6,0.0616,0.065,0.058
Ramanathapuram,Kadaladi,2025-06-09,37.9,26.8,31.8,0.5,0.5,0.0,2.0,19.6,43.2,217,22.19,6.03,45538.53,40214.04,72,36,24.6,20.0,4.24,35.9208,44.2,29.3,0.0585,0.063,0.05
Ramanathapuram,Kadaladi,2025-06-10,38.6,26.9,31.5,9.5,9.5,0.0,3.0,18.3,37.8,236,20.78,6.3,45546.1,32884.03,70,33,22.2,19.4,4.59,35.1083,44.2,29.3,0.0676,0.168,0.045
Ramanathapuram,Kadaladi,2025-06-11,38.0,26.6,30.6,8.8,8.8,0.0,5.0,23.8,49.0,245,21.4,6.2,45553.02,39417.39,78,35,24.4,19.9,4.29,34.4333,43.8,29.1,0.0935,0.197,0.048
Ramanathapuram,Kadaladi,2025-06-12,37.7,26.8,31.1,1.8,1.8,0.0,2.0,31.3,55.1,244,22.65,7.58,45559.27,41452.25,74,37,22.2,19.8,4.13,33.4167,40.0,29.2,0.1776,0.19,0.157
Ramanathapuram,Kadaladi,2025-06-13,36.0,26.5,30.6,0.5,0.5,0.0,2.0,38.3,66.6,235,21.86,7.55,45564.85,41699.81,79,41,22.6,20.8,3.48,32.975,38.0,28.9,0.1588,0.178,0.138
Ramanathapuram,Kadaladi,2025-06-14,35.0,26.1,29.9,0.9,0.9,0.0,4.0,37.3,68.4,233,20.21,6.74,45569.75,39600.0,87,44,23.9,20.9,3.16,32.45,37.2,28.6,0.1276,0.138,0.115
Ramanathapuram,Kadaladi,2025-06-15,33.9,26.6,29.5,0.0,0.0,0.0,0.0,37.8,68.4,231,17.02,6.11,45573.94,30402.23,83,44,23.9,19.8,2.94,31.8667,36.7,28.4,0.1032,0.115,0.083
Ramanathapuram,Kadaladi,2025-06-16,34.8,26.8,30.3,1.4,1.4,0.0,4.0,35.6,65.5,241,19.35,7.42,45577.43,38591.64,75,42,22.4,19.8,3.21,32.6042,37.3,28.5,0.0763,0.083,0.069
Ramanathapuram,Kadaladi,2025-06-17,36.3,26.5,30.8,1.4,1.4,0.0,3.0,28.9,56.9,241,20.29,7.2,45580.23,34330.07,81,39,23.0,19.4,3.69,33.2792,39.2,28.3,0.0696,0.077,0.066
Ramanathapuram,Kadaladi,2025-06-18,37.5,26.6,31.3,1.4,1.4,0.0,5.0,28.2,52.2,234,21.54,6.79,45582.35,39600.0,75,34,23.1,19.0,4.25,34.1083,41.0,28.1,0.0691,0.073,0.065
Ramanathapuram,Kadaladi,2025-06-19,39.0,27.0,31.6,2.0,2.0,0.0,3.0,24.2,45.4,237,21.77,6.59,45583.8,42027.43,75,33,24.6,19.8,4.66,34.7,42.2,28.6,0.0714,0.08,0.065
Ramanathapuram,Kadaladi,2025-06-20,37.5,26.8,31.5,1.1,1.1,0.0,4.0,24.5,49.0,218,22.5,6.69,45584.57,42300.16,75,33,24.1,18.7,4.31,35.0375,42.5,28.9,0.0709,0.074,0.065
Ramanathapuram,Kadaladi,2025-06-21,38.0,26.8,31.7,0.6,0.6,0.0,4.0,17.5,38.2,213,21.74,6.13,45584.69,40619.49,79,34,25.9,19.2,4.34,35.4,44.4,28.9,0.0685,0.072,0.065
Ramanathapuram,Kadaladi,2025-06-22,39.2,26.8,32.0,0.5,0.5,0.0,3.0,27.6,52.2,235,21.97,7.26,45584.14,37997.66,71,30,22.0,18.2,4.93,35.5208,44.5,28.9,0.0663,0.07,0.062
Ramanathapuram,Kadaladi,2025-06-23,36.8,26.6,31.4,0.0,0.0,0.0,0.0,23.3,45.0,245,14.97,6.5,45582.95,18053.11,73,34,22.0,18.2,4.09,34.2125,40.0,29.0,0.0592,0.069,0.044
Ramanathapuram,Kadaladi,2025-06-24,38.5,27.1,32.0,0.0,0.0,0.0,0.0,30.7,54.7,249,21.91,8.37,45581.09,42368.23,72,30,22.1,17.9,4.77,35.3125,43.6,28.8,0.0426,0.044,0.041
Ramanathapuram,Kadaladi,2025-06-25,38.2,27.1,31.5,0.4,0.4,0.0,1.0,28.5,51.5,240,19.85,7.65,45578.59,38322.11,71,33,22.5,19.1,4.45,35.0208,43.4,29.0,0.0389,0.044,0.035
Ramanathapuram,Kadaladi,2025-06-26,35.4,27.2,30.5,1.2,1.2,0.0,6.0,26.8,48.6,238,14.99,6.07,45575.45,29454.06,74,42,23.8,20.0,3.33,33.2458,38.7,28.9,0.0462,0.062,0.037
Ramanathapuram,Kadaladi,2025-06-27,38.1,26.4,31.8,0.0,0.0,0.0,0.0,24.9,48.6,219,23.07,6.64,45571.67,42404.36,75,35,23.3,19.4,4.34,35.8042,45.0,28.5,0.0548,0.062,0.044
Ramanathapuram,Kadaladi,2025-06-28,39.4,26.9,32.2,2.6,2.6,0.0,3.0,21.2,42.1,245,20.74,6.38,45567.27,40722.99,73,30,21.9,18.6,4.99,36.0667,45.8,29.1,0.0512,0.075,0.041
Ramanathapuram,Kadaladi,2025-06-29,36.8,26.7,30.7,0.0,0.0,0.0,0.0,29.3,54.7,210,17.27,5.69,45562.24,23934.36,75,31,24.6,17.0,4.26,34.4625,42.5,29.1,0.0538,0.056,0.051
Ramanathapuram,Kadaladi,2025-06-30,38.6,27.2,32.6,2.9,2.9,0.0,3.0,18.8,39.6,245,22.74,6.99,45556.59,38555.34,68,31,23.6,18.0,4.7,36.6542,46.0,28.9,0.0544,0.085,0.045
Ramanathapuram,Kadaladi,2025-07-01,40.2,27.5,33.0,0.0,0.0,0.0,0.0,19.7,40.0,261,19.01,7.2,45550.33,33814.62,67,26,21.2,16.1,5.56,36.5208,44.3,29.9,0.0438,0.045,0.042
Ramanathapuram,Kadaladi,2025-07-02,39.8,27.0,32.6,0.2,0.2,0.0,1.0,25.4,50.4,262,21.83,7.7,45543.46,40132.57,71,29,21.6,17.5,5.17,36.3333,45.3,29.2,0.0396,0.042,0.038
Ramanathapuram,Kadaladi,2025-07-03,38.9,27.6,33.0,0.1,0.1,0.0,1.0,20.7,42.8,248,22.13,7.31,45536.0,36427.2,68,27,22.8,16.4,4.91,37.2833,46.7,30.0,0.0351,0.04,0.032
Ramanathapuram,Kadaladi,2025-07-04,38.8,26.8,32.4,0.3,0.3,0.0,2.0,26.9,55.1,241,22.87,7.52,45527.95,42469.03,72,28,23.4,16.4,4.96,36.1708,45.3,29.4,0.0312,0.033,0.03
Ramanathapuram,Kadaladi,2025-07-05,40.5,27.0,33.0,0.8,0.8,0.0,3.0,25.4,45.0,255,23.13,8.08,45519.3,42475.1,68,26,21.2,16.6,5.57,36.7542,47.2,29.0,0.0288,0.034,0.027
Ramanathapuram,Kadaladi,2025-07-06,39.3,27.0,32.2,1.0,1.0,0.0,2.0,28.4,51.1,251,22.59,8.47,45510.06,42480.29,73,26,22.0,16.1,5.24,35.9375,44.5,29.2,0.0165,0.027,0.01
Ramanathapuram,Kadaladi,2025-07-07,39.5,27.1,32.7,0.6,0.6,0.0,4.0,27.6,47.2,248,22.61,7.87,45500.17,39773.97,72,25,22.3,16.0,5.34,36.1042,45.5,29.1,0.0151,0.029,0.01
Ramanathapuram,Kadaladi,2025-07-08,40.8,26.9,32.7,0.7,0.7,0.0,3.0,20.5,42.8,252,22.87,7.2,45489.58,41593.38,74,26,23.1,17.4,5.69,36.4917,46.8,28.9,0.0289,0.036,0.025
Ramanathapuram,Kadaladi,2025-07-09,39.2,27.1,31.7,0.5,0.5,0.0,2.0,25.0,52.2,207,22.53,6.46,45478.32,40875.5,83,31,25.8,19.0,4.87,36.3125,46.3,29.2,0.0228,0.026,0.02
Ramanathapuram,Kadaladi,2025-07-10,38.2,27.0,31.9,0.2,0.2,0.0,2.0,19.4,38.5,187,22.71,6.39,45466.42,40730.57,78,31,25.2,18.0,4.55,36.3583,45.6,28.8,0.0147,0.02,0.012
Ramanathapuram,Kadaladi,2025-07-11,38.8,28.1,32.4,0.8,0.8,0.0,3.0,26.4,54.0,236,21.1,6.61,45453.89,41037.24,81,31,24.5,18.9,4.75,36.5042,46.6,29.5,0.0131,0.019,0.01
Ramanathapuram,Kadaladi,2025-07-12,39.2,26.9,32.1,2.8,2.8,0.0,4.0,17.9,40.7,222,20.94,6.33,45440.75,37852.64,70,31,22.4,19.0,4.84,36.625,46.2,29.2,0.0166,0.044,0.01
Ramanathapuram,Kadaladi,2025-07-13,41.0,27.0,32.7,0.7,0.7,0.0,3.0,19.5,38.5,246,21.52,6.95,45427.03,41940.45,73,26,21.8,17.1,5.74,36.65,47.4,29.3,0.0165,0.03,0.011
Ramanathapuram,Kadaladi,2025-07-14,39.8,27.0,32.3,0.6,0.6,0.0,3.0,31.9,58.3,248,21.45,7.65,45412.74,39503.57,72,27,21.6,16.9,5.32,36.1,46.0,29.2,0.0269,0.03,0.023
Ramanathapuram,Kadaladi,2025-07-15,38.5,26.4,32.1,6.5,6.5,0.0,3.0,14.7,34.9,240,21.53,6.09,45397.9,41437.52,72,32,21.7,18.6,4.64,36.4042,46.8,28.7,0.0309,0.105,0.018
Ramanathapuram,Kadaladi,2025-07-16,38.4,27.8,31.5,3.4,3.4,0.0,3.0,20.2,47.2,255,17.49,6.0,45382.54,35718.39,65,34,21.6,19.5,4.49,35.0667,43.1,30.0,0.0438,0.076,0.032
Ramanathapuram,Kadaladi,2025-07-17,36.1,26.3,30.6,0.4,0.4,0.0,2.0,26.0,48.2,199,21.4,6.24,45366.67,42433.11,72,37,23.1,19.2,3.75,34.9833,43.8,28.6,0.0437,0.047,0.038
Ramanathapuram,Kadaladi,2025-07-18,38.9,26.8,31.1,3.3,3.3,0.0,4.0,13.1,32.8,258,19.3,5.5,45350.32,32924.47,82,32,24.9,18.4,4.7,34.8333,45.9,28.9,0.0385,0.071,0.034
Ramanathapuram,Kadaladi,2025-07-19,31.4,25.4,28.0,7.6,7.6,0.0,6.0,22.3,37.8,244,8.57,3.36,45333.5,3600.0,92,55,24.5,20.2,2.05,30.0667,33.2,27.9,0.0685,0.133,0.031
Ramanathapuram,Kadaladi,2025-07-20,32.8,26.4,28.9,0.4,0.4,0.0,3.0,24.8,43.9,243,9.21,4.2,45316.23,3895.0,74,48,22.1,20.3,2.56,30.9917,35.2,27.8,0.0163,0.031,0.01
Ramanathapuram,Kadaladi,2025-07-21,36.8,26.2,29.9,0.0,0.0,0.0,0.0,32.6,58.0,235,16.75,6.29,45298.54,27336.67,75,36,22.0,19.4,3.94,32.6292,40.5,27.5,0.0244,0.068,0.01
Ramanathapuram,Kadaladi,2025-07-22,33.6,24.6,28.8,2.2,2.2,0.0,4.0,27.5,54.7,236,15.07,5.37,45280.44,18753.06,93,46,23.6,20.4,2.76,31.1125,36.5,25.8,0.0913,0.103,0.067
Ramanathapuram,Kadaladi,2025-07-23,36.0,26.5,29.6,0.3,0.3,0.0,1.0,33.2,60.5,239,18.58,6.91,45261.95,28899.12,74,38,22.2,19.4,3.67,32.0208,38.3,27.9,0.0832,0.09,0.078
Ramanathapuram,Kadaladi,2025-07-24,36.0,26.6,29.5,0.2,0.2,0.0,2.0,29.3,56.2,240,14.87,6.01,45243.09,27397.3,72,36,21.6,18.4,3.82,31.8125,37.3,28.1,0.075,0.082,0.068
Ramanathapuram,Kadaladi,2025-07-25,33.6,25.2,29.1,2.8,2.8,0.0,2.0,31.6,55.8,236,12.69,5.57,45223.88,17599.59,89,42,23.2,18.9,3.03,31.3958,35.8,27.6,0.0693,0.097,0.062
Ramanathapuram,Kadaladi,2025-07-26,33.7,26.5,28.9,0.8,0.8,0.0,5.0,32.9,60.8,243,14.74,5.74,45204.33,23660.61,73,45,22.5,19.1,2.83,30.8708,36.5,27.6,0.0757,0.097,0.059
Ramanathapuram,Kadaladi,2025-07-27,38.7,26.9,32.0,0.5,0.5,0.0,2.0,29.1,55.1,276,23.28,8.12,45184.29,41158.66,64,27,20.4,15.9,5.0,34.2583,42.5,27.9,0.0615,0.064,0.059
Ramanathapuram,Kadaladi,2025-07-28,37.8,25.4,30.7,1.4,1.4,0.0,5.0,21.0,42.5,168,23.51,6.0,45163.71,39600.0,84,30,24.6,17.5,4.55,34.9292,45.0,27.7,0.0633,0.067,0.059
Ramanathapuram,Kadaladi,2025-07-29,38.5,26.3,30.8,0.0,0.0,0.0,0.0,22.1,44.3,161,23.05,5.83,45142.62,41443.68,86,29,24.4,17.2,4.82,35.0458,44.9,28.1,0.0656,0.074,0.057
Ramanathapuram,Kadaladi,2025-07-30,36.5,25.5,30.7,0.0,0.0,0.0,0.0,25.5,50.4,168,24.44,6.4,45121.05,42101.87,82,34,25.1,18.0,4.0,35.0417,44.1,27.9,0.0598,0.063,0.057
Ramanathapuram,Kadaladi,2025-07-31,38.5,27.6,31.6,1.2,1.2,0.0,4.0,15.6,32.4,228,20.61,6.05,45099.02,40157.45,74,32,23.4,18.8,4.59,35.3458,44.0,29.6,0.0568,0.06,0.051
Ramanathapuram,Kadaladi,2025-08-01,37.3,26.8,31.1,0.8,0.8,0.0,2.0,20.0,40.3,198,20.62,5.44,45076.55,38404.7,82,38,24.4,19.7,3.92,35.2083,43.5,28.9,0.0566,0.062,0.05
Ramanathapuram,Kadaladi,2025-08-02,36.0,26.5,30.2,2.2,2.2,0.0,4.0,17.4,36.0,230,21.78,5.54,45053.68,39600.0,80,41,23.4,20.8,3.48,34.6083,42.7,29.0,0.0682,0.082,0.061
Ramanathapuram,Kadaladi,2025-08-03,31.8,25.2,28.5,1.1,1.1,0.0,6.0,19.5,32.4,203,16.83,4.32,45030.44,24285.1,97,55,25.5,21.2,2.1,31.6125,37.1,27.9,0.1406,0.202,0.071
Ramanathapuram,Kadaladi,2025-08-04,33.2,25.6,28.8,5.8,5.8,0.0,5.0,14.8,31.7,172,21.15,4.88,45006.83,40726.95,83,53,24.3,21.5,2.36,31.5208,36.5,27.8,0.1939,0.237,0.171
Ramanathapuram,Kadaladi,2025-08-05,35.2,25.1,28.9,3.4,3.4,0.0,7.0,16.0,33.8,235,21.34,4.95,44982.89,39606.23,97,45,25.0,21.3,3.12,31.8167,40.2,27.4,0.1694,0.182,0.149
Ramanathapuram,Kadaladi,2025-08-06,34.2,24.1,28.8,0.8,0.8,0.0,2.0,19.1,39.2,180,23.57,5.53,44958.64,41385.67,100,45,25.5,20.4,2.97,32.1292,38.8,26.5,0.1595,0.18,0.139
Ramanathapuram,Kadaladi,2025-08-07,35.5,25.5,29.8,0.6,0.6,0.0,1.0,20.8,40.3,187,22.65,5.57,44934.1,41655.17,87,45,25.9,20.8,3.19,33.1917,40.1,28.0,0.1299,0.139,0.12
Ramanathapuram,Kadaladi,2025-08-08,33.7,26.0,29.4,6.5,6.5,0.0,4.0,15.9,33.5,189,20.02,4.74,44909.3,37764.58,86,53,26.0,21.6,2.44,32.6833,38.7,28.1,0.1469,0.189,0.114
Ramanathapuram,Kadaladi,2025-08-09,33.8,25.6,29.2,4.9,4.9,0.0,6.0,16.0,32.0,213,17.7,4.24,44884.26,35198.18,88,51,26.0,22.1,2.58,32.2,37.5,28.4,0.1685,0.198,0.148
Ramanathapuram,Kadaladi,2025-08-10,33.2,25.5,28.7,4.7,4.7,0.0,8.0,21.0,40.7,201,19.69,4.78,44859.01,30084.01,90,53,25.1,22.0,2.42,31.7042,36.8,27.9,0.1705,0.196,0.157
Ramanathapuram,Kadaladi,2025-08-11,33.1,25.8,28.8,4.2,4.2,0.0,4.0,19.9,38.5,209,18.49,4.92,44833.56,31698.63,83,52,24.4,20.2,2.38,31.4083,37.0,27.1,0.176,0.195,0.152
Ramanathapuram,Kadaladi,2025-08-12,35.1,25.6,29.2,2.5,2.5,0.0,2.0,21.3,41.0,239,19.26,5.31,44807.93,30770.79,77,41,23.1,19.7,3.36,31.6042,37.6,27.7,0.1778,0.189,0.162
Ramanathapuram,Kadaladi,2025-08-13,35.9,25.1,29.8,0.0,0.0,0.0,0.0,25.9,48.6,245,20.28,6.43,44782.16,36693.32,79,39,21.7,19.6,3.62,31.9042,38.1,27.2,0.1532,0.172,0.139
Ramanathapuram,Kadaladi,2025-08-14,35.2,26.0,29.8,0.8,0.8,0.0,5.0,22.9,43.9,230,22.27,6.75,44756.25,38540.77,74,40,22.9,19.6,3.42,32.0917,38.3,27.6,0.1282,0.139,0.115
Ramanathapuram,Kadaladi,2025-08-15,36.5,25.7,29.8,3.6,3.6,0.0,5.0,24.4,46.1,246,20.21,6.21,44730.23,40587.24,74,38,21.5,19.5,3.77,32.0625,38.5,27.4,0.1193,0.142,0.11
Ramanathapuram,Kadaladi,2025-08-16,37.5,25.9,30.6,0.1,0.1,0.0,1.0,25.7,43.9,248,20.51,6.96,44703.9,37187.04,74,33,21.4,18.4,4.32,32.8083,39.8,27.7,0.1137,0.12,0.102
Ramanathapuram,Kadaladi,2025-08-17,34.2,26.6,29.9,0.9,0.9,0.0,2.0,28.7,52.6,244,16.82,6.25,44677.23,24702.15,71,43,21.8,19.7,3.01,31.975,36.7,28.3,0.1088,0.114,0.1
Ramanathapuram,Kadaladi,2025-08-18,36.9,26.7,30.6,0.0,0.0,0.0,0.0,28.0,50.4,244,17.69,6.96,44650.22,25954.17,70,31,21.9,16.9,4.28,32.5458,38.8,28.1,0.0922,0.1,0.082
Ramanathapuram,Kadaladi,2025-08-19,38.2,25.9,30.6,0.0,0.0,0.0,0.0,26.0,50.8,231,24.15,7.22,44622.91,41782.33,81,26,24.6,15.1,4.97,33.7542,42.3,27.5,0.0716,0.082,0.059
Ramanathapuram,Kadaladi,2025-08-20,38.0,25.6,30.2,0.1,0.1,0.0,1.0,22.8,45.4,191,24.87,6.42,44595.33,41854.5,90,29,25.0,16.9,4.7,35.0833,46.3,27.6,0.0547,0.059,0.052
Ramanathapuram,Kadaladi,2025-08-21,37.0,25.1,30.1,0.1,0.1,0.0,1.0,18.1,37.4,97,23.72,6.05,44567.48,41592.97,93,37,25.4,19.6,3.97,34.6333,44.6,27.3,0.0525,0.062,0.048
Ramanathapuram,Kadaladi,2025-08-22,36.1,25.1,30.0,0.5,0.5,0.0,3.0,13.4,30.2,136,21.98,5.21,44539.41,40388.66,92,40,25.9,20.4,3.58,34.4583,43.0,27.9,0.0705,0.098,0.06
Ramanathapuram,Kadaladi,2025-08-23,34.5,25.5,28.7,9.8,9.8,0.0,7.0,18.0,37.1,81,18.03,4.19,44511.13,27186.34,99,44,26.1,20.6,3.05,32.3625,39.8,27.9,0.1294,0.207,0.094
Ramanathapuram,Kadaladi,2025-08-24,36.1,25.5,29.8,0.0,0.0,0.0,0.0,20.3,43.2,190,24.25,5.97,44482.66,41824.86,93,37,25.1,18.9,3.68,33.825,42.0,28.0,0.1227,0.2,0.091
Ramanathapuram,Kadaladi,2025-08-25,37.8,25.9,30.2,0.9,0.9,0.0,2.0,24.2,45.7,170,23.85,6.05,44454.03,41860.5,89,31,25.5,17.5,4.55,34.175,43.2,28.1,0.0884,0.093,0.082
Ramanathapuram,Kadaladi,2025-08-26,36.5,24.9,30.3,0.4,0.4,0.0,2.0,21.6,44.3,213,23.17,6.24,44425.25,40331.28,100,31,26.1,16.3,4.09,33.9417,41.2,27.6,0.0808,0.085,0.076
Ramanathapuram,Kadaladi,2025-08-27,37.9,26.0,30.6,0.3,0.3,0.0,1.0,31.1,52.2,239,19.86,6.88,44396.35,33777.66,75,33,22.2,18.8,4.43,33.7958,42.3,28.1,0.0787,0.094,0.069
Ramanathapuram,Kadaladi,2025-08-28,37.0,26.7,30.6,0.0,0.0,0.0,0.0,32.6,59.4,241,23.39,8.2,44367.34,36789.05,76,35,22.2,19.0,4.08,33.5958,40.5,28.6,0.0838,0.093,0.076
Ramanathapuram,Kadaladi,2025-08-29,37.7,26.6,30.9,3.3,3.3,0.0,3.0,24.2,49.3,240,23.52,7.53,44338.26,40569.1,73,33,22.6,18.6,4.37,34.0625,42.5,28.4,0.0733,0.106,0.063
Ramanathapuram,Kadaladi,2025-08-30,37.4,26.4,31.2,1.7,1.7,0.0,3.0,23.3,47.5,233,22.42,6.74,44309.11,39600.0,73,37,22.0,20.0,3.99,34.4083,43.5,28.2,0.0739,0.107,0.058
Ramanathapuram,Kadaladi,2025-08-31,37.3,25.9,30.6,0.9,0.9,0.0,3.0,16.1,33.5,207,22.49,5.7,44279.93,40932.61,79,37,25.4,20.0,4.05,34.15,42.0,28.3,0.1007,0.105,0.095
Ramanathapuram,Kadaladi,2025-09-01,39.1,26.8,31.6,0.6,0.6,0.0,2.0,13.9,28.1,253,19.28,5.59,44250.73,33021.3,72,31,22.4,18.9,4.85,34.2667,43.1,28.9,0.1001,0.129,0.083
Ramanathapuram,Kadaladi,2025-09-02,37.5,26.4,31.0,1.7,1.7,0.0,4.0,17.1,36.0,243,21.98,6.12,44221.52,38914.5,84,33,25.6,18.2,4.31,33.6667,42.1,28.6,0.1176,0.127,0.109
Ramanathapuram,Kadaladi,2025-09-03,37.5,25.6,30.7,1.1,1.1,0.0,3.0,24.4,46.4,230,23.74,6.61,44192.33,40344.14,73,33,23.1,18.4,4.3,34.0625,43.0,28.0,0.1003,0.108,0.089
Ramanathapuram,Kadaladi,2025-09-04,37.8,26.0,31.0,1.7,1.7,0.0,3.0,23.4,44.3,223,23.65,6.78,44163.17,40419.79,74,31,24.4,17.6,4.52,34.4125,42.8,28.5,0.0809,0.088,0.074
Ramanathapuram,Kadaladi,2025-09-05,37.2,26.3,30.4,2.2,2.2,0.0,5.0,18.6,38.5,212,21.83,5.65,44133.86,40005.56,80,38,24.9,20.0,3.94,34.225,42.9,28.6,0.081,0.107,0.067
Ramanathapuram,Kadaladi,2025-09-06,37.0,25.9,30.3,0.3,0.3,0.0,2.0,22.3,45.7,185,22.21,5.62,44104.32,34933.27,85,38,25.8,20.3,3.88,34.2042,42.2,28.4,0.0972,0.107,0.088
Ramanathapuram,Kadaladi,2025-09-07,36.4,26.0,30.2,2.9,2.9,0.0,4.0,15.7,32.8,167,21.19,5.19,44074.61,39790.7,84,40,24.4,20.5,3.65,34.1042,42.2,28.4,0.0912,0.112,0.079
Ramanathapuram,Kadaladi,2025-09-08,36.2,24.9,29.4,7.2,7.2,0.0,8.0,15.2,33.5,143,20.92,4.97,44044.72,34564.02,96,43,25.2,21.6,3.44,33.325,42.0,27.0,0.1057,0.171,0.084
Ramanathapuram,Kadaladi,2025-09-09,36.5,25.5,30.0,2.4,2.4,0.0,7.0,16.4,36.0,127,21.93,5.19,44014.68,39693.58,94,45,26.6,22.2,3.33,33.8833,42.3,28.0,0.1001,0.109,0.094
Ramanathapuram,Kadaladi,2025-09-10,36.0,26.0,29.7,6.7,6.7,0.0,5.0,16.5,35.6,134,22.58,5.25,43984.51,39808.21,99,43,26.5,21.5,3.37,33.7542,42.5,28.1,0.1077,0.157,0.081
Ramanathapuram,Kadaladi,2025-09-11,35.5,24.4,29.5,2.2,2.2,0.0,3.0,18.1,38.2,175,22.14,5.25,43954.23,38832.09,96,43,25.6,20.2,3.29,33.5292,41.3,27.5,0.1171,0.156,0.094
Ramanathapuram,Kadaladi,2025-09-12,36.6,25.2,30.0,0.0,0.0,0.0,0.0,18.9,36.4,168,22.16,5.58,43923.86,40134.7,94,38,25.8,19.8,3.83,34.1708,42.9,28.0,0.0841,0.094,0.076
Ramanathapuram,Kadaladi,2025-09-13,37.1,25.3,30.2,0.1,0.1,0.0,1.0,20.6,42.1,190,23.86,6.06,43893.43,39928.32,93,35,25.9,19.0,4.11,34.3708,44.0,27.6,0.076,0.079,0.07
Ramanathapuram,Kadaladi,2025-09-14,36.7,24.8,30.0,0.3,0.3,0.0,2.0,24.3,47.2,204,24.17,6.36,43862.95,39600.0,85,33,25.4,17.6,4.03,34.2792,43.2,27.4,0.07,0.077,0.063
Ramanathapuram,Kadaladi,2025-09-15,36.8,26.0,30.6,1.2,1.2,0.0,3.0,17.1,40.3,222,20.97,6.06,43832.43,37449.27,78,36,23.3,18.6,3.89,34.2917,42.4,28.2,0.0782,0.123,0.06
Ramanathapuram,Kadaladi,2025-09-16,36.6,26.3,30.3,3.0,3.0,0.0,3.0,17.8,36.7,216,20.96,5.28,43801.91,39183.16,77,40,23.8,20.9,3.65,33.6583,41.4,28.8,0.1237,0.151,0.095
Ramanathapuram,Kadaladi,2025-09-17,35.0,25.9,29.1,14.9,14.9,0.0,9.0,14.6,35.6,218,18.13,4.31,43771.39,27261.32,95,48,25.8,21.9,2.91,32.0833,40.0,28.4,0.198,0.29,0.137
Ramanathapuram,Kadaladi,2025-09-18,34.0,25.5,29.0,4.5,4.5,0.0,4.0,16.8,34.2,185,20.51,4.64,43740.89,38634.93,98,49,25.6,21.6,2.68,31.4708,37.5,27.6,0.2207,0.242,0.197
Ramanathapuram,Kadaladi,2025-09-19,32.0,25.5,28.5,0.0,0.0,0.0,0.0,16.5,32.8,190,13.89,3.51,43710.45,14778.24,93,55,26.5,21.6,2.09,30.9542,34.5,27.7,0.1777,0.196,0.165
Ramanathapuram,Kadaladi,2025-09-20,34.9,24.6,29.1,1.0,1.0,0.0,3.0,18.4,36.7,206,21.12,5.06,43680.07,36000.0,98,41,25.6,19.6,3.3,31.8708,38.2,27.2,0.1548,0.168,0.14
Ramanathapuram,Kadaladi,2025-09-21,34.8,25.9,29.5,0.2,0.2,0.0,2.0,21.4,44.3,211,20.28,5.48,43649.77,32472.35,80,37,25.2,17.9,3.52,32.15,38.0,28.0,0.1269,0.139,0.116
Ramanathapuram,Kadaladi,2025-09-22,35.8,26.9,30.4,1.2,1.2,0.0,2.0,20.3,38.9,219,22.1,6.37,43619.57,39769.08,73,40,24.4,20.1,3.53,32.9208,39.0,28.5,0.1065,0.119,0.099
Ramanathapuram,Kadaladi,2025-09-23,34.9,26.4,30.0,1.5,1.5,0.0,5.0,25.2,44.3,229,22.03,6.57,43589.49,39600.0,75,42,23.1,20.0,3.25,32.35,37.8,28.1,0.1062,0.135,0.091
Ramanathapuram,Kadaladi,2025-09-24,34.9,26.9,30.3,1.7,1.7,0.0,1.0,28.7,49.7,234,19.13,6.91,43559.54,39600.0,71,43,23.0,19.4,3.17,32.2875,37.7,28.5,0.1265,0.137,0.117
Ramanathapuram,Kadaladi,2025-09-25,35.0,26.2,29.7,5.0,5.0,0.0,3.0,27.8,46.4,229,19.7,6.18,43529.54,39600.0,77,46,24.2,20.0,3.04,31.6667,36.9,28.1,0.1428,0.193,0.106
Ramanathapuram,Kadaladi,2025-09-26,34.2,26.4,29.5,2.3,2.3,0.0,2.0,32.4,56.2,233,21.02,6.66,43499.41,39600.0,82,45,24.0,19.6,2.84,31.4458,36.0,28.1,0.1877,0.197,0.171
Ramanathapuram,Kadaladi,2025-09-27,35.1,26.4,30.0,0.6,0.6,0.0,2.0,30.8,54.0,234,20.95,7.16,43469.18,36694.91,75,44,22.4,19.7,3.16,31.6125,37.2,28.0,0.172,0.19,0.156
Ramanathapuram,Kadaladi,2025-09-28,35.8,26.3,30.4,0.0,0.0,0.0,0.0,32.1,58.0,237,23.51,7.98,43438.87,39600.0,75,37,22.4,18.8,3.72,32.3792,38.0,28.0,0.1385,0.156,0.122
Ramanathapuram,Kadaladi,2025-09-29,37.2,26.5,31.2,0.0,0.0,0.0,0.0,26.1,51.8,241,22.55,7.91,43408.5,39600.0,74,35,21.8,18.0,4.08,33.2458,39.3,28.3,0.1042,0.122,0.081
Ramanathapuram,Kadaladi,2025-09-30,38.1,25.4,30.8,0.0,0.0,0.0,0.0,27.5,49.7,238,20.9,6.85,43378.09,33215.68,79,30,23.4,17.4,4.67,33.3042,40.9,27.5,0.0731,0.081,0.067
Ramanathapuram,Kadaladi,2025-10-01,39.1,26.1,31.2,0.2,0.2,0.0,2.0,26.5,49.0,229,23.6,7.09,43347.67,38797.79,74,25,23.1,15.8,5.24,34.4125,43.5,28.1,0.0632,0.068,0.052
Ramanathapuram,Kadaladi,2025-10-02,35.5,26.5,30.2,0.2,0.2,0.0,2.0,22.9,43.2,194,23.66,6.34,43317.25,39646.01,83,40,25.4,19.6,3.48,34.5667,42.3,29.1,0.0527,0.062,0.044
Ramanathapuram,Kadaladi,2025-10-03,36.3,26.2,30.2,6.5,6.5,0.0,4.0,15.4,37.4,144,22.33,5.33,43286.85,39600.0,95,40,26.6,20.6,3.62,34.2333,43.4,28.7,0.0792,0.131,0.044
Ramanathapuram,Kadaladi,2025-10-04,34.0,25.0,28.5,25.3,25.3,0.0,9.0,13.5,28.4,30,17.57,4.21,43256.49,29137.32,99,47,26.7,21.0,2.79,31.95,38.7,27.4,0.1587,0.304,0.098
Ramanathapuram,Kadaladi,2025-10-05,33.5,24.0,27.8,9.8,9.8,0.0,7.0,11.3,31.0,264,22.4,4.76,43226.2,39600.0,100,57,25.0,23.0,2.23,30.9125,37.7,26.5,0.2203,0.271,0.181
Ramanathapuram,Kadaladi,2025-10-06,34.2,24.2,28.5,0.4,0.4,0.0,2.0,15.6,32.8,141,22.22,5.0,43196.0,39600.0,99,51,25.9,21.1,2.6,31.5875,38.5,27.1,0.1875,0.215,0.168
Ramanathapuram,Kadaladi,2025-10-07,33.2,25.5,28.8,1.6,1.6,0.0,7.0,11.8,23.0,77,19.34,4.36,43165.89,29974.61,100,56,26.6,22.9,2.21,31.5917,37.2,28.0,0.198,0.213,0.177
Ramanathapuram,Kadaladi,2025-10-08,33.2,22.9,28.3,8.1,8.1,0.0,4.0,14.0,28.4,138,22.9,5.19,43135.92,39600.0,97,51,25.2,20.6,2.49,31.5542,37.4,26.1,0.2155,0.27,0.18
Ramanathapuram,Kadaladi,2025-10-09,33.8,25.6,29.4,0.2,0.2,0.0,1.0,20.4,38.5,169,23.18,5.41,43106.09,39600.0,96,48,25.5,21.1,2.71,32.3583,38.5,28.0,0.1635,0.18,0.147
Ramanathapuram,Kadaladi,2025-10-10,32.8,24.5,29.0,3.2,3.2,0.0,5.0,21.7,36.7,184,21.32,5.14,43076.43,39600.0,95,55,25.1,22.4,2.17,31.9708,37.3,28.2,0.1501,0.166,0.138
Ramanathapuram,Kadaladi,2025-10-11,33.3,25.9,29.2,8.0,8.0,0.0,10.0,19.1,34.6,192,21.7,5.19,43046.97,39600.0,88,51,25.1,21.9,2.5,31.9,38.0,28.2,0.15,0.181,0.131
Ramanathapuram,Kadaladi,2025-10-12,31.8,24.0,27.8,7.4,7.4,0.0,8.0,12.5,27.4,155,21.01,4.49,43017.71,39600.0,98,61,25.0,23.0,1.81,30.6292,36.0,26.5,0.2236,0.264,0.176
Ramanathapuram,Kadaladi,2025-10-13,32.8,23.9,28.1,28.6,28.6,0.0,9.0,14.0,31.7,100,21.15,4.59,42988.68,39208.5,99,57,25.0,22.6,2.13,31.1958,37.0,26.8,0.2183,0.364,0.179
Ramanathapuram,Kadaladi,2025-10-14,31.0,23.5,26.9,29.0,29.0,0.0,17.0,13.7,32.8,24,18.34,3.85,42959.91,39600.0,97,66,24.6,22.4,1.54,29.2292,33.5,26.0,0.274,0.329,0.229
Ramanathapuram,Kadaladi,2025-10-15,30.6,23.9,26.5,14.6,14.6,0.0,11.0,12.9,27.0,36,14.58,3.1,42931.16,30920.48,98,68,24.8,23.3,1.4,28.225,31.6,26.0,0.2795,0.331,0.252
Ramanathapuram,Kadaladi,2025-10-16,29.1,24.1,25.7,22.7,22.7,0.0,17.0,12.7,25.9,42,9.08,1.98,42902.39,2613.2,97,73,24.9,23.2,1.1,27.0917,29.9,25.4,0.3189,0.377,0.282
Ramanathapuram,Kadaladi,2025-10-17,30.8,24.1,26.4,28.0,28.0,0.0,20.0,11.1,27.4,41,15.57,3.24,42873.61,26533.47,98,68,24.8,23.3,1.43,28.0292,32.2,25.5,0.3138,0.354,0.287
Ramanathapuram,Kadaladi,2025-10-18,31.6,23.7,27.0,36.8,36.8,0.0,16.0,11.5,24.5,28,20.24,4.24,42844.85,36659.07,100,66,24.6,23.2,1.58,28.5667,33.8,25.5,0.324,0.387,0.292
Ramanathapuram,Kadaladi,2025-10-19,30.8,23.5,26.4,16.7,16.7,0.0,8.0,9.9,33.8,26,16.81,3.47,42816.14,34512.62,98,69,24.5,23.2,1.37,28.3792,32.4,25.5,0.3111,0.351,0.288
Ramanathapuram,Kadaladi,2025-10-20,28.8,23.5,25.5,11.3,11.3,0.0,18.0,11.6,26.3,8,10.58,2.2,42787.48,7286.68,99,78,24.9,22.8,0.87,27.1667,29.6,25.4,0.3132,0.338,0.297
Ramanathapuram,Kadaladi,2025-10-21,27.4,23.6,24.9,32.9,32.9,0.0,22.0,14.8,27.7,305,6.19,1.39,42758.93,3694.65,97,79,24.0,22.9,0.77,25.875,28.0,24.6,0.3422,0.37,0.314
Ramanathapuram,Kadaladi,2025-10-22,30.6,23.5,26.9,3.4,3.4,0.0,7.0,24.6,43.2,216,20.65,4.42,42730.48,35795.47,95,65,23.8,22.2,1.53,27.5292,31.5,24.4,0.2989,0.318,0.28
Ramanathapuram,Kadaladi,2025-10-23,29.1,24.7,26.9,1.0,1.0,0.0,4.0,23.5,43.2,211,12.68,3.02,42702.18,19043.21,96,74,24.2,23.4,1.07,28.2125,30.6,26.0,0.2639,0.281,0.242
Ramanathapuram,Kadaladi,2025-10-24,29.1,24.9,26.9,0.4,0.4,0.0,2.0,17.6,29.9,215,7.54,1.88,42674.05,506.55,93,74,24.9,23.1,1.01,27.9292,29.8,26.4,0.2414,0.25,0.228
Ramanathapuram,Kadaladi,2025-10-25,32.4,25.0,28.0,0.7,0.7,0.0,2.0,14.4,35.6,223,19.18,4.2,42646.1,37267.35,94,61,26.0,22.2,1.87,29.2333,33.2,26.4,0.2217,0.235,0.207
Ramanathapuram,Kadaladi,2025-10-26,32.3,23.9,27.9,0.5,0.5,0.0,1.0,13.1,25.9,210,20.68,4.65,42618.37,32400.0,92,52,25.5,21.0,2.3,29.3208,34.1,25.8,0.2052,0.214,0.191
Ramanathapuram,Kadaladi,2025-10-27,30.5,25.5,27.1,2.2,2.2,0.0,6.0,17.3,32.0,250,9.62,2.71,42590.88,6307.99,87,63,24.3,20.8,1.6,27.6667,30.4,26.0,0.197,0.205,0.182
Ramanathapuram,Kadaladi,2025-10-28,32.5,25.7,28.3,0.0,0.0,0.0,0.0,30.5,54.0,239,20.24,5.59,42563.66,36175.29,81,54,22.9,21.8,2.24,28.7958,32.6,26.0,0.1877,0.202,0.17
Ramanathapuram,Kadaladi,2025-10-29,33.2,26.1,28.9,0.2,0.2,0.0,2.0,20.2,42.1,231,22.05,5.8,42536.73,39600.0,79,53,23.4,20.2,2.4,29.9917,34.1,27.0,0.157,0.171,0.144
Ramanathapuram,Kadaladi,2025-10-30,33.2,24.0,28.3,0.3,0.3,0.0,2.0,15.1,28.4,213,22.81,5.22,42510.12,39600.0,89,49,25.5,20.6,2.59,30.0667,34.8,26.4,0.1379,0.151,0.129
Ramanathapuram,Kadaladi,2025-10-31,33.9,22.9,28.3,0.0,0.0,0.0,0.0,15.2,28.1,208,23.4,5.15,42483.87,39600.0,93,45,25.3,20.2,2.92,30.2708,35.7,26.2,0.119,0.131,0.11
Ramanathapuram,Kadaladi,2025-11-01,32.8,24.1,28.2,0.0,0.0,0.0,0.0,13.8,26.6,157,23.33,5.05,42457.99,39600.0,96,51,25.2,21.1,2.45,30.4083,35.8,26.2,0.0995,0.111,0.092
Ramanathapuram,Kadaladi,2025-11-02,32.6,23.9,28.2,0.0,0.0,0.0,0.0,11.4,20.2,193,22.16,4.88,42432.51,39600.0,100,53,25.7,21.2,2.27,30.5625,36.0,26.3,0.0872,0.093,0.079
Ramanathapuram,Kadaladi,2025-11-03,33.5,22.9,28.3,0.0,0.0,0.0,0.0,13.6,26.3,203,21.68,4.96,42407.46,39560.7,95,50,25.5,21.1,2.58,30.4917,36.0,26.1,0.0736,0.081,0.065
Ramanathapuram,Kadaladi,2025-11-04,33.0,24.6,28.7,0.0,0.0,0.0,0.0,14.0,23.8,213,21.25,4.97,42382.61,39600.0,91,52,24.8,21.5,2.4,30.95,36.7,26.8,0.0663,0.069,0.065
Ramanathapuram,Kadaladi,2025-11-05,33.5,24.4,28.7,0.7,0.7,0.0,6.0,14.1,28.1,234,22.05,5.1,42357.89,39600.0,92,47,24.4,20.1,2.72,31.1542,37.0,27.0,0.0611,0.065,0.045
Ramanathapuram,Kadaladi,2025-11-06,32.2,24.4,27.4,8.7,8.7,0.0,3.0,10.4,24.8,228,19.23,4.12,42333.34,36583.3,98,58,24.5,22.6,2.04,29.7167,34.4,26.0,0.173,0.285,0.045
Ramanathapuram,Kadaladi,2025-11-07,31.0,24.3,26.4,15.4,15.4,0.0,11.0,11.8,33.5,42,17.41,3.6,42308.97,35900.24,97,66,24.7,23.0,1.52,28.8792,34.0,26.5,0.232,0.322,0.163
Ramanathapuram,Kadaladi,2025-11-08,31.4,22.9,26.9,8.9,8.9,0.0,10.0,16.5,38.9,4,20.16,4.3,42284.82,38497.5,98,58,24.4,21.6,1.89,28.9,33.4,25.1,0.2102,0.257,0.178
Ramanathapuram,Kadaladi,2025-11-09,28.6,23.4,25.4,13.7,13.7,0.0,6.0,9.6,23.4,286,13.04,2.66,42260.9,27185.45,98,74,23.9,21.5,1.02,27.4875,30.8,25.0,0.2455,0.334,0.224
Ramanathapuram,Kadaladi,2025-11-10,29.5,22.8,26.1,3.8,3.8,0.0,14.0,9.2,19.1,302,18.38,3.69,42237.26,38044.32,98,73,24.6,22.4,1.08,28.1917,32.5,24.6,0.2235,0.235,0.201
Ramanathapuram,Kadaladi,2025-11-11,30.0,22.9,26.0,38.7,38.7,0.0,13.0,12.1,34.2,11,17.99,3.6,42213.91,38639.23,97,69,25.1,22.3,1.31,28.1917,32.8,25.2,0.2503,0.343,0.195
Ramanathapuram,Kadaladi,2025-11-12,30.1,23.3,26.0,12.1,12.1,0.0,12.0,15.7,33.8,10,15.75,3.15,42190.89,29883.63,99,71,24.6,22.2,1.22,27.4667,30.5,25.1,0.2756,0.318,0.242
Ramanathapuram,Kadaladi,2025-11-13,29.9,23.9,26.3,9.7,9.7,0.0,11.0,15.9,41.8,44,17.96,3.57,42168.21,38755.0,92,73,24.6,22.1,1.13,27.6,31.3,25.4,0.2718,0.335,0.25
Ramanathapuram,Kadaladi,2025-11-14,29.5,23.8,26.2,1.9,1.9,0.0,6.0,19.4,38.2,35,15.57,3.53,42145.91,37723.7,97,67,23.8,19.2,1.31,27.3167,29.7,25.1,0.2531,0.262,0.245
Ramanathapuram,Kadaladi,2025-11-15,31.0,23.0,26.6,0.0,0.0,0.0,0.0,19.2,35.6,25,21.24,5.08,42124.03,39546.43,87,51,22.6,19.4,2.22,27.8042,31.5,24.9,0.2336,0.255,0.218
Ramanathapuram,Kadaladi,2025-11-16,30.0,23.8,26.1,6.7,6.7,0.0,9.0,22.3,44.3,22,16.88,3.6,42102.58,29680.04,96,66,23.6,22.2,1.43,27.4542,31.0,25.5,0.2418,0.288,0.219
Ramanathapuram,Kadaladi,2025-11-17,26.5,23.4,24.7,16.0,16.0,0.0,19.0,22.3,43.9,14,8.51,2.13,42081.59,6513.57,92,77,23.2,21.6,0.81,25.7167,28.0,24.0,0.2825,0.33,0.248
Ramanathapuram,Kadaladi,2025-11-18,28.8,22.4,24.7,20.7,20.7,0.0,20.0,21.0,39.2,26,16.2,3.17,42061.11,35881.73,97,72,24.0,20.8,1.12,25.525,29.0,23.4,0.3088,0.36,0.278
Ramanathapuram,Kadaladi,2025-11-19,30.9,22.0,26.0,3.5,3.5,0.0,9.0,17.0,31.3,29,18.67,4.01,42041.15,39451.02,98,63,23.6,21.5,1.64,26.6833,31.0,23.1,0.2851,0.328,0.251
Ramanathapuram,Kadaladi,2025-11-20,31.3,23.8,27.1,0.0,0.0,0.0,0.0,21.4,37.4,23,21.63,5.03,42021.74,39426.05,87,53,23.4,20.4,2.13,28.125,31.8,25.2,0.2334,0.252,0.196
Ramanathapuram,Kadaladi,2025-11-21,30.9,24.2,27.0,2.9,2.9,0.0,5.0,20.5,39.2,30,19.17,4.11,42002.93,39400.7,92,68,24.2,22.9,1.43,28.4917,31.9,26.1,0.2057,0.226,0.197
Ramanathapuram,Kadaladi,2025-11-22,28.5,23.4,25.0,22.0,22.0,0.0,21.0,18.7,37.1,26,9.51,1.98,41984.73,10525.56,95,74,24.4,22.5,1.02,26.1708,29.3,24.5,0.2885,0.339,0.204
Ramanathapuram,Kadaladi,2025-11-23,29.7,23.0,25.1,28.2,28.2,0.0,21.0,26.7,51.8,29,13.39,2.58,41967.17,24362.01,96,73,24.4,22.2,1.14,25.85,29.5,23.9,0.3168,0.364,0.276
Ramanathapuram,Kadaladi,2025-11-24,26.0,23.2,24.1,28.5,28.5,0.0,21.0,20.2,37.4,28,6.32,1.34,41950.08,1257.54,96,84,23.6,22.3,0.53,24.6667,26.4,23.9,0.3389,0.366,0.303
Ramanathapuram,Kadaladi,2025-11-25,30.2,23.4,26.3,1.1,1.1,0.0,5.0,24.0,43.2,24,16.34,3.9,41933.38,25200.0,96,58,23.3,21.0,1.81,26.2042,29.6,23.6,0.283,0.301,0.263
Ramanathapuram,Kadaladi,2025-11-26,27.5,24.2,25.6,3.3,3.3,0.0,12.0,24.9,43.9,15,8.14,2.43,41917.11,7200.0,88,75,23.4,20.5,0.92,26.025,28.1,25.0,0.2692,0.278,0.263
Ramanathapuram,Kadaladi,2025-11-27,27.3,23.4,24.9,7.5,7.5,0.0,14.0,25.0,42.8,4,5.9,2.29,41901.27,0.0,89,72,22.6,19.4,1.02,24.6708,26.0,23.0,0.28,0.301,0.265
Ramanathapuram,Kadaladi,2025-11-28,24.0,21.4,22.4,44.4,44.4,0.0,24.0,26.8,48.2,332,2.71,1.31,41885.9,0.0,93,76,20.8,19.4,0.72,22.1792,23.1,21.5,0.3466,0.366,0.3
Ramanathapuram,Kadaladi,2025-11-29,22.2,20.5,21.3,75.4,75.4,0.0,24.0,22.7,38.9,295,2.93,0.97,41871.01,0.0,92,88,20.6,18.6,0.31,21.3792,21.8,20.6,0.3727,0.393,0.347
Ramanathapuram,Kadaladi,2025-11-30,30.0,20.0,24.8,1.5,1.5,0.0,7.0,11.9,26.3,232,20.57,4.15,41856.62,39146.01,95,60,24.1,18.2,1.71,24.6708,29.6,20.2,0.3068,0.347,0.286
Ramanathapuram,Kadaladi,2025-12-01,30.5,22.6,26.1,7.0,7.0,0.0,10.0,14.7,26.3,78,18.54,3.75,41842.76,39114.75,99,69,24.8,22.0,1.32,27.1333,32.0,23.5,0.2806,0.326,0.258
Ramanathapuram,Kadaladi,2025-12-02,30.6,23.9,26.9,2.8,2.8,0.0,7.0,10.1,25.2,215,18.72,3.85,41829.44,39083.16,97,66,24.8,23.2,1.47,27.7958,32.2,24.9,0.2607,0.276,0.244
Ramanathapuram,Kadaladi,2025-12-03,30.1,23.5,26.3,0.9,0.9,0.0,4.0,13.0,26.6,133,16.44,3.43,41816.69,39051.31,99,63,25.0,22.1,1.58,27.3875,30.9,24.9,0.249,0.256,0.242
Ramanathapuram,Kadaladi,2025-12-04,30.0,23.5,26.2,11.7,11.7,0.0,9.0,13.3,32.0,34,17.2,3.59,41804.52,39019.29,98,68,24.4,22.4,1.37,27.3542,30.9,25.1,0.2625,0.286,0.237
Ramanathapuram,Kadaladi,2025-12-05,29.1,24.1,25.9,12.0,12.0,0.0,10.0,19.2,42.5,33,14.14,3.02,41792.96,38770.77,95,74,24.0,22.8,1.06,27.075,29.4,25.4,0.264,0.311,0.244
Ramanathapuram,Kadaladi,2025-12-06,30.2,22.9,26.2,0.6,0.6,0.0,4.0,24.5,43.6,33,19.3,4.18,41782.04,38955.06,96,60,23.0,21.3,1.73,27.0458,30.5,24.5,0.2449,0.255,0.233
Ramanathapuram,Kadaladi,2025-12-07,29.7,24.0,26.0,1.0,1.0,0.0,7.0,22.2,41.4,33,17.1,3.57,41771.75,34455.52,94,65,23.5,22.4,1.47,27.125,30.6,25.3,0.2262,0.233,0.219
Ramanathapuram,Kadaladi,2025-12-08,29.5,22.5,25.7,0.3,0.3,0.0,3.0,20.8,38.2,23,19.07,4.28,41762.14,38891.08,90,63,22.6,19.8,1.5,26.9208,30.4,24.4,0.2145,0.22,0.208
Ramanathapuram,Kadaladi,2025-12-09,29.5,22.9,25.4,1.9,1.9,0.0,5.0,24.2,44.3,20,17.47,3.91,41753.22,37555.27,89,66,23.0,19.5,1.39,26.6292,30.2,24.1,0.1974,0.208,0.176
Ramanathapuram,Kadaladi,2025-12-10,28.2,23.9,25.3,13.3,13.3,0.0,6.0,23.1,44.3,29,12.06,2.98,41745.02,25093.97,86,71,23.1,19.7,1.13,26.0333,27.8,24.7,0.2055,0.323,0.176
Ramanathapuram,Kadaladi,2025-12-11,29.9,22.0,25.4,0.1,0.1,0.0,1.0,22.7,41.8,21,19.84,4.54,41737.54,38796.98,88,56,21.6,19.2,1.84,26.3167,30.2,23.5,0.1795,0.185,0.171
Ramanathapuram,Kadaladi,2025-12-12,29.2,22.9,25.3,0.3,0.3,0.0,2.0,23.5,41.8,24,15.92,3.76,41730.82,36202.37,87,62,22.4,19.9,1.52,26.4792,29.6,24.4,0.17,0.174,0.166
Ramanathapuram,Kadaladi,2025-12-13,29.1,22.1,25.2,0.0,0.0,0.0,0.0,21.6,40.0,28,21.28,4.76,41724.87,38736.41,84,52,20.6,18.4,1.92,26.6417,30.4,24.3,0.16,0.166,0.151
Ramanathapuram,Kadaladi,2025-12-14,28.5,19.6,23.6,0.0,0.0,0.0,0.0,22.0,40.7,24,21.99,4.56,41719.61,38706.35,94,54,19.9,17.8,1.8,25.6,30.0,22.6,0.1466,0.153,0.138
Ramanathapuram,Kadaladi,2025-12-15,28.5,19.5,23.9,0.0,0.0,0.0,0.0,20.6,38.5,22,22.22,4.53,41715.04,38675.88,93,52,21.1,16.9,1.85,25.4,29.8,22.1,0.1318,0.138,0.121
Ramanathapuram,Kadaladi,2025-12-16,27.4,23.1,25.0,4.6,4.6,0.0,11.0,27.9,47.9,30,6.59,1.75,41711.13,7040.15,94,77,23.8,20.8,0.83,25.425,26.8,24.0,0.1331,0.16,0.121
Ramanathapuram,Kadaladi,2025-12-17,29.2,23.4,25.7,3.7,3.7,0.0,13.0,24.9,50.8,39,14.4,3.23,41707.9,31377.41,96,69,23.5,21.5,1.2,26.275,29.0,24.1,0.1603,0.18,0.137
Ramanathapuram,Kadaladi,2025-12-18,29.2,22.0,25.1,0.0,0.0,0.0,0.0,24.9,45.0,23,19.97,4.51,41705.35,38582.87,92,57,21.2,19.0,1.73,26.4083,30.1,23.8,0.169,0.178,0.159
Ramanathapuram,Kadaladi,2025-12-19,28.9,21.4,24.5,0.0,0.0,0.0,0.0,22.2,41.0,27,20.48,4.43,41703.47,37197.93,88,58,20.5,18.4,1.68,25.9667,30.1,23.1,0.1508,0.159,0.142
Ramanathapuram,Kadaladi,2025-12-20,28.4,19.4,23.6,0.0,0.0,0.0,0.0,19.2,36.0,31,19.62,4.18,41702.27,38520.49,95,53,20.0,17.0,1.79,25.1625,29.6,21.9,0.1353,0.142,0.127
Ramanathapuram,Kadaladi,2025-12-21,29.3,19.4,24.1,0.0,0.0,0.0,0.0,18.2,34.2,35,19.85,4.42,41701.73,38489.49,87,54,20.2,16.6,1.87,25.2375,29.6,21.5,0.1214,0.129,0.115
Ramanathapuram,Kadaladi,2025-12-22,29.0,21.0,24.5,0.0,0.0,0.0,0.0,19.2,36.4,30,19.07,4.3,41701.88,37335.81,90,51,20.4,17.8,1.96,25.8333,30.1,22.9,0.1087,0.116,0.101
Ramanathapuram,Kadaladi,2025-12-23,29.9,19.8,24.6,0.0,0.0,0.0,0.0,17.8,33.8,29,20.96,4.45,41702.7,38428.29,94,55,22.1,17.9,1.9,25.9417,31.1,21.9,0.0961,0.103,0.087
Ramanathapuram,Kadaladi,2025-12-24,30.3,20.6,25.0,0.0,0.0,0.0,0.0,19.0,36.0,33,21.19,4.59,41704.19,38419.22,97,52,21.5,18.5,2.06,26.7125,32.0,23.0,0.0791,0.087,0.068
Ramanathapuram,Kadaladi,2025-12-25,30.5,20.4,25.0,0.0,0.0,0.0,0.0,18.2,33.5,32,21.14,4.52,41706.36,38386.73,94,48,22.2,18.1,2.26,26.8167,32.5,22.6,0.0655,0.068,0.062
Ramanathapuram,Kadaladi,2025-12-26,29.2,21.8,25.1,0.9,0.9,0.0,7.0,20.5,36.7,36,18.11,3.96,41709.19,37656.88,97,60,22.1,20.4,1.62,26.7708,31.6,23.4,0.0615,0.064,0.059
Ramanathapuram,Kadaladi,2025-12-27,30.1,21.6,25.5,0.0,0.0,0.0,0.0,19.6,37.4,35,19.79,4.59,41712.69,38322.8,91,49,21.0,17.8,2.18,27.125,32.2,23.5,0.0652,0.071,0.063
Ramanathapuram,Kadaladi,2025-12-28,30.2,21.5,25.6,0.2,0.2,0.0,2.0,19.7,37.4,34,20.21,4.51,41716.86,38291.56,96,52,21.4,19.4,2.04,27.3375,32.5,23.6,0.0704,0.071,0.069
Ramanathapuram,Kadaladi,2025-12-29,30.2,21.9,25.8,0.1,0.1,0.0,1.0,20.1,38.2,35,16.89,4.05,41721.69,38257.99,93,55,21.7,20.0,1.92,27.3375,31.5,23.9,0.0708,0.075,0.066
Ramanathapuram,Kadaladi,2025-12-30,31.2,22.6,26.3,0.0,0.0,0.0,0.0,16.7,32.8,27,19.61,4.49,41727.18,35407.23,94,50,23.4,19.3,2.27,27.9292,32.8,24.5,0.0724,0.075,0.067
Ramanathapuram,Kadaladi,2025-12-31,31.5,22.1,26.5,3.0,3.0,0.0,4.0,16.5,29.9,14,18.48,3.93,41733.34,38208.14,97,54,23.5,21.1,2.13,28.3167,33.7,25.0,0.0723,0.097,0.067
Ramanathapuram,Kadaladi,2026-01-01,30.0,22.3,25.3,41.3,41.3,0.0,12.0,17.6,34.2,34,16.64,3.36,41740.15,31958.6,97,68,23.6,21.1,1.33,26.5625,30.9,24.1,0.2667,0.356,0.228
Ramanathapuram,Kadaladi,2026-01-02,30.4,22.9,25.6,4.8,4.8,0.0,11.0,13.5,29.2,14,17.95,3.66,41747.63,37294.47,97,60,23.4,21.4,1.75,26.7833,31.0,24.0,0.2227,0.255,0.203
Ramanathapuram,Kadaladi,2026-01-03,29.4,22.4,25.6,0.4,0.4,0.0,3.0,24.6,44.3,34,19.01,4.17,41755.85,37248.09,97,56,22.5,19.3,1.78,26.7708,30.4,24.0,0.1933,0.202,0.182
Ramanathapuram,Kadaladi,2026-01-04,29.5,21.5,25.1,0.0,0.0,0.0,0.0,24.6,44.6,30,20.25,4.71,41764.82,38253.87,92,51,21.4,18.2,2.02,26.5917,30.6,23.9,0.1723,0.182,0.156
Ramanathapuram,Kadaladi,2026-01-05,29.4,21.6,25.3,0.5,0.5,0.0,4.0,25.1,46.1,25,18.71,4.64,41774.54,33960.1,89,57,20.9,18.9,1.74,26.3792,30.1,23.4,0.1582,0.162,0.154
Ramanathapuram,Kadaladi,2026-01-06,29.5,23.1,25.7,1.0,1.0,0.0,2.0,27.0,48.2,28,15.04,4.44,41784.96,29740.9,80,53,19.9,18.4,1.94,26.6083,29.9,23.6,0.1548,0.172,0.146
Ramanathapuram,Kadaladi,2026-01-07,28.1,22.8,25.2,0.6,0.6,0.0,6.0,25.7,45.4,29,15.12,4.22,41796.07,36567.83,84,59,21.0,17.1,1.52,26.3792,29.2,24.6,0.1439,0.147,0.138
Ramanathapuram,Kadaladi,2026-01-08,28.1,21.4,24.5,0.0,0.0,0.0,0.0,27.1,49.0,16,15.31,4.4,41807.86,25624.28,79,53,18.8,17.0,1.79,25.5417,28.6,23.1,0.1413,0.145,0.137
Ramanathapuram,Kadaladi,2026-01-09,28.8,22.2,25.0,0.0,0.0,0.0,0.0,27.5,50.0,15,14.62,4.25,41820.29,27366.15,79,55,19.8,17.4,1.77,25.6583,28.8,23.2,0.1431,0.148,0.14
Ramanathapuram,Kadaladi,2026-01-10,28.0,22.6,24.6,2.4,2.4,0.0,4.0,28.7,53.3,9,15.25,4.1,41833.34,30492.23,80,60,20.5,17.9,1.52,25.3833,28.6,23.4,0.1434,0.16,0.132
Ramanathapuram,Kadaladi,2026-01-11,28.9,21.7,25.0,1.1,1.1,0.0,5.0,22.6,40.3,19,15.07,3.53,41847.0,26157.72,89,66,22.5,19.2,1.33,26.0125,30.0,23.3,0.1488,0.173,0.135
Ramanathapuram,Kadaladi,2026-01-12,28.3,22.1,24.8,2.9,2.9,0.0,10.0,19.8,37.8,24,17.58,3.75,41861.24,37770.24,94,65,23.1,19.5,1.34,26.1542,29.4,23.9,0.1793,0.197,0.167
Ramanathapuram,Kadaladi,2026-01-13,27.8,22.5,24.4,4.1,4.1,0.0,11.0,20.0,36.0,17,11.79,2.45,41876.03,25025.14,97,71,22.9,21.5,1.09,25.2583,27.3,23.7,0.2289,0.258,0.195
Ramanathapuram,Kadaladi,2026-01-14,30.0,21.6,25.2,0.1,0.1,0.0,1.0,18.2,32.8,34,20.57,4.2,41891.36,38071.02,97,63,22.6,21.0,1.56,26.5208,31.0,23.4,0.2225,0.243,0.203
Ramanathapuram,Kadaladi,2026-01-15,29.9,21.5,25.1,0.0,0.0,0.0,0.0,17.8,32.8,45,20.47,4.33,41907.2,37338.67,100,53,22.5,19.0,1.96,26.6333,31.0,23.5,0.1927,0.203,0.178
Ramanathapuram,Kadaladi,2026-01-16,29.8,21.2,24.8,0.2,0.2,0.0,2.0,20.4,37.4,42,20.26,4.38,41923.53,38227.62,99,50,22.1,18.0,2.08,26.45,30.8,23.2,0.1712,0.179,0.162
Ramanathapuram,Kadaladi,2026-01-17,29.6,20.4,24.3,0.0,0.0,0.0,0.0,17.4,33.8,31,21.24,4.57,41940.33,38688.2,98,43,20.8,15.6,2.37,26.0542,30.5,22.8,0.1562,0.164,0.148
Ramanathapuram,Kadaladi,2026-01-18,29.4,19.7,24.1,0.0,0.0,0.0,0.0,15.8,31.7,28,21.96,4.72,41957.58,38882.52,94,48,19.9,17.2,2.13,25.9333,30.9,22.1,0.142,0.152,0.132
Ramanathapuram,Kadaladi,2026-01-19,30.0,19.6,24.1,0.0,0.0,0.0,0.0,17.7,35.3,30,22.42,4.74,41975.25,38878.95,95,45,19.9,16.3,2.31,26.3458,31.7,22.5,0.1239,0.132,0.111
Ramanathapuram,Kadaladi,2026-01-20,29.3,19.9,24.0,0.0,0.0,0.0,0.0,15.5,31.7,36,22.68,4.73,41993.33,38978.72,97,53,20.0,18.2,1.92,26.1875,31.7,22.3,0.1046,0.112,0.094
Ramanathapuram,Kadaladi,2026-01-21,29.6,19.2,24.1,0.0,0.0,0.0,0.0,19.1,36.4,24,22.69,4.94,42011.8,39045.48,96,46,19.7,16.5,2.25,26.1583,31.9,22.0,0.0893,0.094,0.084
Ramanathapuram,Kadaladi,2026-01-22,30.0,19.5,24.3,0.0,0.0,0.0,0.0,16.6,33.1,30,20.94,4.58,42030.64,39186.71,96,46,20.0,16.5,2.28,26.175,31.8,22.0,0.079,0.087,0.063
Ramanathapuram,Kadaladi,2026-01-23,31.4,19.1,24.8,0.0,0.0,0.0,0.0,16.8,32.8,29,22.73,5.05,42050.04,38977.58,94,39,20.5,15.8,2.79,26.6375,33.0,21.8,0.0671,0.07,0.063
Ramanathapuram,Kadaladi,2026-01-24,29.6,22.0,25.4,0.6,0.6,0.0,1.0,27.9,50.0,13,14.87,3.92,42070.05,27468.62,93,55,21.1,19.7,1.86,26.7833,30.4,23.8,0.0759,0.093,0.068
Ramanathapuram,Kadaladi,2026-01-25,30.8,22.9,25.9,4.1,4.1,0.0,7.0,18.5,32.4,25,17.13,4.06,42090.66,28501.26,92,53,22.2,19.8,2.05,26.8292,31.3,23.6,0.1236,0.161,0.093
Ramanathapuram,Kadaladi,2026-01-26,30.1,23.1,26.0,0.5,0.5,0.0,3.0,19.6,37.8,38,17.31,3.98,42111.81,36132.64,94,60,22.5,20.4,1.7,27.4125,31.5,24.5,0.1075,0.113,0.101
Ramanathapuram,Kadaladi,2026-01-27,30.5,22.3,26.0,0.6,0.6,0.0,2.0,22.2,40.3,38,18.96,4.5,42133.48,37587.82,96,51,22.0,19.4,2.13,27.6542,32.1,24.5,0.0959,0.101,0.089
Ramanathapuram,Kadaladi,2026-01-28,30.4,21.2,25.3,0.0,0.0,0.0,0.0,23.7,44.3,41,21.43,4.88,42155.65,39271.47,95,49,21.2,18.3,2.19,27.3083,32.7,23.5,0.0852,0.09,0.079
Ramanathapuram,Kadaladi,2026-01-29,30.7,20.4,25.0,0.1,0.1,0.0,1.0,19.8,37.8,31,19.16,4.52,42178.27,39343.32,95,48,20.5,18.2,2.31,26.9375,32.5,22.5,0.0745,0.079,0.067
Ramanathapuram,Kadaladi,2026-01-30,30.7,19.5,24.7,0.0,0.0,0.0,0.0,19.9,37.4,31,23.19,5.32,42201.32,39647.41,96,45,19.7,17.5,2.42,27.025,34.0,21.7,0.0652,0.067,0.063
Ramanathapuram,Kadaladi,2026-01-31,31.5,20.2,25.6,0.0,0.0,0.0,0.0,19.2,37.4,31,21.07,5.18,42224.78,37000.98,93,42,21.1,16.9,2.71,27.8333,34.3,22.5,0.0574,0.064,0.046
Ramanathapuram,Kadaladi,2026-02-01,30.1,22.6,26.0,17.7,17.7,0.0,11.0,24.7,45.4,36,16.73,4.16,42248.61,33801.43,89,60,22.5,19.9,1.6,27.6583,32.5,23.4,0.0784,0.264,0.048
Ramanathapuram,Kadaladi,2026-02-02,32.0,23.6,26.7,0.6,0.6,0.0,4.0,25.5,46.1,38,19.92,5.12,42272.77,37465.38,88,49,22.0,19.5,2.4,28.5958,34.2,24.8,0.0703,0.074,0.062
Ramanathapuram,Kadaladi,2026-02-03,30.5,21.0,25.5,0.0,0.0,0.0,0.0,20.5,40.0,39,22.94,5.51,42297.26,38948.53,88,43,20.6,15.9,2.42,28.375,35.0,23.2,0.0618,0.063,0.06
Ramanathapuram,Kadaladi,2026-02-04,32.3,21.7,26.4,0.0,0.0,0.0,0.0,22.3,41.8,40,22.59,5.63,42322.03,39701.91,92,42,22.0,17.5,2.82,28.8542,35.5,23.9,0.062,0.069,0.056
Ramanathapuram,Kadaladi,2026-02-05,31.1,23.1,26.4,0.5,0.5,0.0,4.0,23.9,43.6,41,18.45,4.57,42347.05,38910.5,92,53,21.9,19.9,2.12,28.6125,34.0,25.0,0.0638,0.073,0.056
Ramanathapuram,Kadaladi,2026-02-06,32.0,23.2,26.8,0.2,0.2,0.0,2.0,23.0,42.1,39,20.59,5.19,42372.31,39296.38,91,47,21.8,18.9,2.53,28.95,35.1,25.0,0.0703,0.072,0.069
Ramanathapuram,Kadaladi,2026-02-07,31.5,22.4,26.3,0.2,0.2,0.0,2.0,22.1,40.7,36,17.73,4.54,42397.78,39298.5,94,49,21.5,19.2,2.36,28.4958,34.1,24.6,0.0668,0.069,0.065
Ramanathapuram,Kadaladi,2026-02-08,31.5,21.8,25.8,0.0,0.0,0.0,0.0,20.4,39.6,45,23.36,5.41,42423.42,39903.15,97,43,21.5,17.4,2.65,28.5875,35.6,23.9,0.0643,0.067,0.061
Ramanathapuram,Kadaladi,2026-02-09,31.0,20.3,25.3,0.0,0.0,0.0,0.0,21.7,41.0,44,20.66,5.01,42449.21,39797.22,98,44,21.2,17.2,2.54,27.7875,34.5,22.5,0.0641,0.07,0.061
Ramanathapuram,Kadaladi,2026-02-10,30.5,20.4,25.1,0.0,0.0,0.0,0.0,22.2,40.0,40,17.71,4.66,42475.13,35888.61,95,43,20.1,16.5,2.48,27.6458,32.9,23.0,0.0649,0.067,0.062
Ramanathapuram,Kadaladi,2026-02-11,31.0,20.5,25.3,0.0,0.0,0.0,0.0,25.2,45.7,39,21.11,5.37,42501.16,39991.23,92,38,19.6,15.0,2.77,27.6125,34.2,23.0,0.0635,0.069,0.06
Ramanathapuram,Kadaladi,2026-02-12,32.2,21.2,26.2,0.0,0.0,0.0,0.0,18.5,36.7,31,19.31,4.92,42527.52,39834.64,84,43,22.0,18.0,2.74,28.2375,34.7,23.4,0.0667,0.069,0.059
Ramanathapuram,Kadaladi,2026-02-13,32.2,23.2,26.9,0.3,0.3,0.0,3.0,23.3,44.3,42,22.42,5.42,42554.29,39389.88,92,46,23.0,19.1,2.6,29.5375,36.0,25.2,0.0585,0.071,0.048
Ramanathapuram,Kadaladi,2026-02-14,32.3,22.9,26.8,0.3,0.3,0.0,3.0,23.9,43.9,43,22.1,5.42,42581.43,38477.02,97,42,23.0,17.5,2.79,29.2833,36.3,24.6,0.051,0.054,0.042
Ramanathapuram,Kadaladi,2026-02-15,33.0,22.0,26.7,0.1,0.1,0.0,1.0,19.6,39.6,42,22.54,5.47,42608.92,40111.91,96,44,22.0,19.1,2.8,29.6167,37.4,24.3,0.0499,0.055,0.042
Ramanathapuram,Kadaladi,2026-02-16,32.3,21.7,26.2,0.0,0.0,0.0,0.0,22.1,42.8,41,22.13,5.43,42636.73,40142.87,98,41,22.5,17.1,2.84,29.0625,36.5,23.9,0.0542,0.062,0.045
Ramanathapuram,Kadaladi,2026-02-17,30.8,20.1,25.2,0.0,0.0,0.0,0.0,21.2,37.8,42,18.54,4.72,42664.82,31386.67,97,45,20.5,17.4,2.45,27.8583,34.8,22.1,0.0609,0.067,0.052
Ramanathapuram,Kadaladi,2026-02-18,28.5,22.9,25.9,0.3,0.3,0.0,2.0,19.4,36.0,36,8.68,3.05,42693.19,6099.97,84,58,22.0,19.0,1.65,27.4375,30.1,24.9,0.0632,0.067,0.06
Ramanathapuram,Kadaladi,2026-02-19,33.5,23.4,27.5,0.4,0.4,0.0,3.0,22.2,42.1,37,21.27,5.6,42721.79,39458.93,85,42,21.8,18.5,3.02,29.4958,36.7,25.0,0.0646,0.068,0.059
Ramanathapuram,Kadaladi,2026-02-20,32.6,23.0,27.4,1.0,1.0,0.0,5.0,24.2,46.4,40,20.11,5.26,42750.6,38744.47,93,51,22.4,20.5,2.42,29.5625,36.0,25.0,0.059,0.063,0.055
Ramanathapuram,Kadaladi,2026-02-21,34.0,24.5,27.8,1.5,1.5,0.0,3.0,19.6,39.6,27,19.25,4.91,42779.59,36287.88,88,44,22.6,20.0,2.96,30.0375,36.8,26.0,0.0674,0.088,0.053
Ramanathapuram,Kadaladi,2026-02-22,33.2,23.5,27.3,1.5,1.5,0.0,6.0,17.0,32.8,305,20.04,4.53,42808.75,37833.39,95,48,24.4,20.4,2.66,29.4417,35.0,25.5,0.1716,0.22,0.081
Ramanathapuram,Kadaladi,2026-02-23,32.9,23.3,27.4,0.3,0.3,0.0,3.0,14.7,27.4,40,22.38,4.97,42838.04,40364.72,98,49,23.8,20.8,2.55,29.6708,36.0,24.9,0.1782,0.199,0.158
Ramanathapuram,Kadaladi,2026-02-24,32.3,23.7,27.5,0.0,0.0,0.0,0.0,15.9,31.0,50,23.05,5.25,42867.45,38877.66,99,49,23.7,20.1,2.49,30.0958,36.2,25.8,0.1466,0.158,0.134
